source,debut,fin,kwh,hc_kwh,hp_kwh,methode,type,target_type,soc_change,soc_final,cout,devise,releve_le
wallbox,2026-05-01T08:00:30,2026-05-01T09:30:53,0.01,0.0,0.01,prorata,WALLBOX_EXPORT,,,,,,2026-09-24T10:57:36.785775
wallbox,2026-05-01T09:31:54,2026-05-01T10:00:53,0.86,0.0,0.86,prorata,WALLBOX_EXPORT,,,,,,2026-09-24T10:57:36.785686
wallbox,2026-05-01T10:35:54,2026-05-01T14:00:53,8.09,3.8236580209773154,4.266341979022685,prorata,WALLBOX_EXPORT,,,,,,2026-09-24T10:57:36.785586
wallbox,2026-05-01T14:03:54,2026-05-01T14:30:52,1.41,1.41,0.0,prorata,WALLBOX_EXPORT,,,,,,2026-09-24T10:57:36.785478
wallbox,2026-05-01T14:37:55,2026-05-01T14:47:12,0.44,0.44,0.0,prorata,WALLBOX_EXPORT,,,,,,2026-09-24T10:57:36.785388
wallbox,2026-05-01T14:49:54,2026-05-01T19:26:32,6.77,0.8345234365586215,5.9354765634413775,prorata,WALLBOX_EXPORT,,,,,,2026-09-24T10:57:36.785296
wallbox,2026-05-02T08:59:13,2026-05-02T09:06:44,0.18,0.0,0.18,prorata,WALLBOX_EXPORT,,,,,,2026-09-24T10:57:36.785205
wallbox,2026-05-02T09:07:46,2026-05-02T09:19:19,0.33,0.0,0.33,prorata,WALLBOX_EXPORT,,,,,,2026-09-24T10:57:36.785103
wallbox,2026-05-02T09:19:20,2026-05-02T09:21:29,0.06,0.0,0.06,prorata,WALLBOX_EXPORT,,,,,,2026-09-24T10:57:36.784941
wallbox,2026-05-02T09:22:30,2026-05-02T09:28:48,0.2,0.0,0.2,prorata,WALLBOX_EXPORT,,,,,,2026-09-24T10:57:36.784845
wallbox,2026-05-02T09:29:50,2026-05-02T09:40:20,0.75,0.0,0.75,prorata,WALLBOX_EXPORT,,,,,,2026-09-24T10:57:36.784749
wallbox,2026-05-02T09:41:22,2026-05-02T09:45:53,0.21,0.0,0.21,prorata,WALLBOX_EXPORT,,,,,,2026-09-24T10:57:36.784654
wallbox,2026-05-02T09:46:53,2026-05-02T09:49:27,0.15,0.0,0.15,prorata,WALLBOX_EXPORT,,,,,,2026-09-24T10:57:36.784557
wallbox,2026-05-02T09:50:28,2026-05-02T09:55:56,0.2,0.0,0.2,prorata,WALLBOX_EXPORT,,,,,,2026-09-24T10:57:36.784457
wallbox,2026-05-02T09:55:57,2026-05-02T09:58:07,0.09,0.0,0.09,prorata,WALLBOX_EXPORT,,,,,,2026-09-24T10:57:36.784343
wallbox,2026-05-02T09:59:07,2026-05-02T10:01:02,0.16,0.0,0.16,prorata,WALLBOX_EXPORT,,,,,,2026-09-24T10:57:36.784195
wallbox,2026-05-02T10:01:23,2026-05-02T10:01:36,0.01,0.0,0.01,prorata,WALLBOX_EXPORT,,,,,,2026-09-24T10:57:36.784104
wallbox,2026-05-02T10:01:37,2026-05-02T10:05:41,0.17,0.0,0.17,prorata,WALLBOX_EXPORT,,,,,,2026-09-24T10:57:36.783969
wallbox,2026-05-02T10:05:43,2026-05-02T10:10:08,0.3,0.0,0.3,prorata,WALLBOX_EXPORT,,,,,,2026-09-24T10:57:36.783887
wallbox,2026-05-02T10:17:44,2026-05-02T10:21:14,0.24,0.0,0.24,prorata,WALLBOX_EXPORT,,,,,,2026-09-24T10:57:36.783805
wallbox,2026-05-02T10:21:15,2026-05-02T10:24:35,0.16,0.0,0.16,prorata,WALLBOX_EXPORT,,,,,,2026-09-24T10:57:36.783723
wallbox,2026-05-02T10:24:36,2026-05-02T10:25:31,0.03,0.0,0.03,prorata,WALLBOX_EXPORT,,,,,,2026-09-24T10:57:36.783634
wallbox,2026-05-02T10:25:51,2026-05-02T10:32:05,0.27,0.0,0.27,prorata,WALLBOX_EXPORT,,,,,,2026-09-24T10:57:36.783553
wallbox,2026-05-02T10:32:06,2026-05-02T10:32:24,0.0,0.0,0.0,prorata,WALLBOX_EXPORT,,,,,,2026-09-24T10:57:36.783471
wallbox,2026-05-02T10:32:27,2026-05-02T10:35:01,0.09,0.0,0.09,prorata,WALLBOX_EXPORT,,,,,,2026-09-24T10:57:36.783388
wallbox,2026-05-02T10:36:03,2026-05-02T10:41:20,0.21,0.0,0.21,prorata,WALLBOX_EXPORT,,,,,,2026-09-24T10:57:36.783306
wallbox,2026-05-02T10:42:21,2026-05-02T11:31:43,2.42,0.0,2.42,prorata,WALLBOX_EXPORT,,,,,,2026-09-24T10:57:36.783216
wallbox,2026-05-02T17:11:30,2026-05-02T18:52:55,1.42,0.0,1.42,prorata,WALLBOX_EXPORT,,,,,,2026-09-24T10:57:36.783114
wallbox,2026-05-03T10:03:30,2026-05-03T11:47:28,7.15,0.0,7.15,prorata,WALLBOX_EXPORT,,,,,,2026-09-24T10:57:36.783023
wallbox,2026-05-03T11:57:29,2026-05-03T11:59:29,0.04,0.0,0.04,prorata,WALLBOX_EXPORT,,,,,,2026-09-24T10:57:36.782926
wallbox,2026-05-03T12:01:29,2026-05-03T13:16:43,1.48,1.037049180327869,0.4429508196721311,prorata,WALLBOX_EXPORT,,,,,,2026-09-24T10:57:36.782837
wallbox,2026-05-03T13:17:44,2026-05-03T17:30:43,10.22,5.100910468410304,5.1190895315896965,prorata,WALLBOX_EXPORT,,,,,,2026-09-24T10:57:36.782748
wallbox,2026-05-03T17:33:45,2026-05-03T17:58:28,0.59,0.0,0.59,prorata,WALLBOX_EXPORT,,,,,,2026-09-24T10:57:36.782657
wallbox,2026-05-04T12:45:45,2026-05-04T12:56:00,0.18,0.18,0.0,prorata,WALLBOX_EXPORT,,,,,,2026-09-24T10:57:36.782562
wallbox,2026-05-04T12:57:02,2026-05-04T13:06:36,0.12,0.12,0.0,prorata,WALLBOX_EXPORT,,,,,,2026-09-24T10:57:36.782475
wallbox,2026-05-04T13:07:36,2026-05-04T16:32:20,2.58,1.7188798436991208,0.8611201563008791,prorata,WALLBOX_EXPORT,,,,,,2026-09-24T10:57:36.782392
wallbox,2026-05-04T16:33:21,2026-05-04T16:57:17,0.19,0.0,0.19,prorata,WALLBOX_EXPORT,,,,,,2026-09-24T10:57:36.782302
wallbox,2026-05-05T15:55:46,2026-05-05T16:52:10,0.58,0.0,0.58,prorata,WALLBOX_EXPORT,,,,,,2026-09-24T10:57:36.782220
wallbox,2026-05-06T08:53:37,2026-05-06T08:58:52,0.1,0.0,0.1,prorata,WALLBOX_EXPORT,,,,,,2026-09-24T10:57:36.782138
wallbox,2026-05-06T08:59:52,2026-05-06T10:59:42,5.7,0.0,5.7,prorata,WALLBOX_EXPORT,,,,,,2026-09-24T10:57:36.782048
wallbox,2026-05-06T11:00:30,2026-05-06T17:11:00,22.44,10.902024291497975,11.537975708502026,prorata,WALLBOX_EXPORT,,,,,,2026-09-24T10:57:36.781954
wallbox,2026-05-06T17:11:53,2026-05-06T17:13:52,0.05,0.0,0.05,prorata,WALLBOX_EXPORT,,,,,,2026-09-24T10:57:36.781863
wallbox,2026-05-06T17:37:53,2026-05-06T19:25:20,3.16,0.0,3.16,prorata,WALLBOX_EXPORT,,,,,,2026-09-24T10:57:36.781782
wallbox,2026-05-06T19:26:21,2026-05-06T19:30:20,0.05,0.0,0.05,prorata,WALLBOX_EXPORT,,,,,,2026-09-24T10:57:36.781699
wallbox,2026-05-06T19:34:31,2026-05-06T19:36:18,0.02,0.0,0.02,prorata,WALLBOX_EXPORT,,,,,,2026-09-24T10:57:36.781610
wallbox,2026-05-07T07:31:12,2026-05-07T10:50:54,5.1,0.0,5.1,prorata,WALLBOX_EXPORT,,,,,,2026-09-24T10:57:36.781528
wallbox,2026-05-07T17:01:49,2026-05-07T17:45:47,4.82,0.0,4.82,prorata,WALLBOX_EXPORT,,,,,,2026-09-24T10:57:36.781446
wallbox,2026-05-07T17:53:48,2026-05-07T18:11:21,2.04,0.0,2.04,prorata,WALLBOX_EXPORT,,,,,,2026-09-24T10:57:36.781364
wallbox,2026-05-08T09:47:40,2026-05-08T11:07:38,7.27,0.0,7.27,prorata,WALLBOX_EXPORT,,,,,,2026-09-24T10:57:36.781282
wallbox,2026-05-08T11:55:40,2026-05-08T11:56:39,0.05,0.0,0.05,prorata,WALLBOX_EXPORT,,,,,,2026-09-24T10:57:36.781200
wallbox,2026-05-08T11:57:40,2026-05-08T13:04:21,6.05,3.6608472881779557,2.389152711822044,prorata,WALLBOX_EXPORT,,,,,,2026-09-24T10:57:36.781109
wallbox,2026-05-08T13:11:21,2026-05-08T18:00:38,10.53,4.828499740738606,5.701500259261393,prorata,WALLBOX_EXPORT,,,,,,2026-09-24T10:57:36.781024
wallbox,2026-05-09T10:33:44,2026-05-09T10:36:18,0.18,0.0,0.18,prorata,WALLBOX_EXPORT,,,,,,2026-09-24T10:57:36.780923
wallbox,2026-05-09T10:37:18,2026-05-09T12:02:17,9.56,0.0,9.56,prorata,WALLBOX_EXPORT,,,,,,2026-09-24T10:57:36.780842
wallbox,2026-05-09T12:13:18,2026-05-09T12:44:49,0.94,0.6208672659968271,0.31913273400317294,prorata,WALLBOX_EXPORT,,,,,,2026-09-24T10:57:36.780760
wallbox,2026-05-09T12:45:51,2026-05-09T12:55:06,0.75,0.75,0.0,prorata,WALLBOX_EXPORT,,,,,,2026-09-24T10:57:36.780677
wallbox,2026-05-09T12:56:07,2026-05-09T14:00:06,4.68,4.68,0.0,prorata,WALLBOX_EXPORT,,,,,,2026-09-24T10:57:36.780594
wallbox,2026-05-09T14:05:06,2026-05-09T14:27:36,0.91,0.91,0.0,prorata,WALLBOX_EXPORT,,,,,,2026-09-24T10:57:36.780510
wallbox,2026-05-09T14:28:37,2026-05-09T14:36:09,0.21,0.21,0.0,prorata,WALLBOX_EXPORT,,,,,,2026-09-24T10:57:36.780411
wallbox,2026-05-09T14:37:10,2026-05-09T17:53:16,3.99,0.9529066802651709,3.0370933197348293,prorata,WALLBOX_EXPORT,,,,,,2026-09-24T10:57:36.780328
wallbox,2026-05-09T17:54:17,2026-05-09T18:19:38,0.26,0.0,0.26,prorata,WALLBOX_EXPORT,,,,,,2026-09-24T10:57:36.780245
wallbox,2026-05-09T18:20:39,2026-05-09T18:38:18,0.18,0.0,0.18,prorata,WALLBOX_EXPORT,,,,,,2026-09-24T10:57:36.780163
wallbox,2026-05-10T10:27:51,2026-05-10T11:31:58,0.72,0.0,0.72,prorata,WALLBOX_EXPORT,,,,,,2026-09-24T10:57:36.780080
wallbox,2026-05-10T11:35:51,2026-05-10T19:04:45,1.69,0.6776564936511472,1.0123435063488526,prorata,WALLBOX_EXPORT,,,,,,2026-09-24T10:57:36.779981
wallbox,2026-05-11T10:49:57,2026-05-11T13:07:31,4.44,1.4045117518778776,3.0354882481221233,prorata,WALLBOX_EXPORT,,,,,,2026-09-24T10:57:36.779898
wallbox,2026-05-11T13:08:32,2026-05-11T16:42:32,7.38,4.671700934579439,2.7082990654205608,prorata,WALLBOX_EXPORT,,,,,,2026-09-24T10:57:36.779807
wallbox,2026-05-11T16:57:32,2026-05-11T19:12:29,4.31,0.0,4.31,prorata,WALLBOX_EXPORT,,,,,,2026-09-24T10:57:36.779662
wallbox,2026-05-12T08:15:34,2026-05-12T10:40:19,4.17,0.0,4.17,prorata,WALLBOX_EXPORT,,,,,,2026-09-24T10:57:36.779553
wallbox,2026-05-12T10:41:16,2026-05-12T11:26:48,2.1,0.0,2.1,prorata,WALLBOX_EXPORT,,,,,,2026-09-24T10:57:36.779451
wallbox,2026-05-12T11:27:49,2026-05-12T11:52:27,1.27,0.0,1.27,prorata,WALLBOX_EXPORT,,,,,,2026-09-24T10:57:36.779335
wallbox,2026-05-12T11:56:25,2026-05-12T11:56:47,0.0,0.0,0.0,prorata,WALLBOX_EXPORT,,,,,,2026-09-24T10:57:36.779247
wallbox,2026-05-12T11:57:49,2026-05-12T16:27:57,11.38,7.582922013820337,3.7970779861796644,prorata,WALLBOX_EXPORT,,,,,,2026-09-24T10:57:36.779158
wallbox,2026-05-12T16:37:49,2026-05-12T17:14:49,0.73,0.0,0.73,prorata,WALLBOX_EXPORT,,,,,,2026-09-24T10:57:36.779074
wallbox,2026-05-12T17:35:50,2026-05-12T18:12:19,0.37,0.0,0.37,prorata,WALLBOX_EXPORT,,,,,,2026-09-24T10:57:36.778966
wallbox,2026-05-13T10:00:41,2026-05-13T10:08:12,0.08,0.0,0.08,prorata,WALLBOX_EXPORT,,,,,,2026-09-24T10:57:36.778884
wallbox,2026-05-13T10:09:13,2026-05-13T10:13:01,0.09,0.0,0.09,prorata,WALLBOX_EXPORT,,,,,,2026-09-24T10:57:36.778801
wallbox,2026-05-13T10:14:03,2026-05-13T10:18:35,0.05,0.0,0.05,prorata,WALLBOX_EXPORT,,,,,,2026-09-24T10:57:36.778710
wallbox,2026-05-13T10:19:37,2026-05-13T10:36:57,1.1,0.0,1.1,prorata,WALLBOX_EXPORT,,,,,,2026-09-24T10:57:36.778597
wallbox,2026-05-13T10:36:58,2026-05-13T10:45:11,0.21,0.0,0.21,prorata,WALLBOX_EXPORT,,,,,,2026-09-24T10:57:36.778514
wallbox,2026-05-13T10:46:13,2026-05-13T10:54:48,0.58,0.0,0.58,prorata,WALLBOX_EXPORT,,,,,,2026-09-24T10:57:36.778432
wallbox,2026-05-13T10:55:48,2026-05-13T10:59:19,0.08,0.0,0.08,prorata,WALLBOX_EXPORT,,,,,,2026-09-24T10:57:36.778344
wallbox,2026-05-13T11:00:20,2026-05-13T11:10:52,0.72,0.0,0.72,prorata,WALLBOX_EXPORT,,,,,,2026-09-24T10:57:36.778262
wallbox,2026-05-13T11:51:32,2026-05-13T12:44:08,0.51,0.19520912547528518,0.3147908745247148,prorata,WALLBOX_EXPORT,,,,,,2026-09-24T10:57:36.778180
wallbox,2026-05-13T12:45:09,2026-05-13T12:46:33,0.02,0.02,0.0,prorata,WALLBOX_EXPORT,,,,,,2026-09-24T10:57:36.778097
wallbox,2026-05-13T12:47:34,2026-05-13T14:13:11,2.53,2.53,0.0,prorata,WALLBOX_EXPORT,,,,,,2026-09-24T10:57:36.777996
wallbox,2026-05-13T14:14:12,2026-05-13T14:27:26,0.24,0.24,0.0,prorata,WALLBOX_EXPORT,,,,,,2026-09-24T10:57:36.777907
wallbox,2026-05-13T14:28:28,2026-05-13T14:40:50,0.13,0.13,0.0,prorata,WALLBOX_EXPORT,,,,,,2026-09-24T10:57:36.777824
wallbox,2026-05-13T14:41:52,2026-05-13T15:12:08,0.33,0.33,0.0,prorata,WALLBOX_EXPORT,,,,,,2026-09-24T10:57:36.777723
wallbox,2026-05-13T15:13:10,2026-05-13T16:43:51,2.57,0.3070207682411321,2.2629792317588677,prorata,WALLBOX_EXPORT,,,,,,2026-09-24T10:57:36.777641
wallbox,2026-05-13T16:44:53,2026-05-13T16:54:35,0.28,0.0,0.28,prorata,WALLBOX_EXPORT,,,,,,2026-09-24T10:57:36.777559
wallbox,2026-05-13T16:54:36,2026-05-13T16:56:12,0.09,0.0,0.09,prorata,WALLBOX_EXPORT,,,,,,2026-09-24T10:57:36.777477
wallbox,2026-05-13T16:57:13,2026-05-13T16:59:12,0.05,0.0,0.05,prorata,WALLBOX_EXPORT,,,,,,2026-09-24T10:57:36.777389
wallbox,2026-05-13T19:00:13,2026-05-13T19:30:12,0.05,0.0,0.05,prorata,WALLBOX_EXPORT,,,,,,2026-09-24T10:57:36.777307
wallbox,2026-05-14T09:03:35,2026-05-14T09:17:08,0.15,0.0,0.15,prorata,WALLBOX_EXPORT,,,,,,2026-09-24T10:57:36.777226
wallbox,2026-05-14T09:18:08,2026-05-14T09:48:00,1.91,0.0,1.91,prorata,WALLBOX_EXPORT,,,,,,2026-09-24T10:57:36.777144
wallbox,2026-05-14T10:05:09,2026-05-14T10:08:27,0.07,0.0,0.07,prorata,WALLBOX_EXPORT,,,,,,2026-09-24T10:57:36.777062
wallbox,2026-05-14T10:08:28,2026-05-14T10:10:39,0.11,0.0,0.11,prorata,WALLBOX_EXPORT,,,,,,2026-09-24T10:57:36.776966
wallbox,2026-05-14T10:10:53,2026-05-14T10:18:35,0.37,0.0,0.37,prorata,WALLBOX_EXPORT,,,,,,2026-09-24T10:57:36.776884
wallbox,2026-05-14T10:18:43,2026-05-14T10:34:39,1.1,0.0,1.1,prorata,WALLBOX_EXPORT,,,,,,2026-09-24T10:57:36.776803
wallbox,2026-05-14T10:35:40,2026-05-14T10:39:55,0.28,0.0,0.28,prorata,WALLBOX_EXPORT,,,,,,2026-09-24T10:57:36.776721
wallbox,2026-05-14T10:40:57,2026-05-14T11:03:27,0.22,0.0,0.22,prorata,WALLBOX_EXPORT,,,,,,2026-09-24T10:57:36.776633
wallbox,2026-05-14T11:03:28,2026-05-14T11:05:41,0.06,0.0,0.06,prorata,WALLBOX_EXPORT,,,,,,2026-09-24T10:57:36.776551
wallbox,2026-05-14T11:06:42,2026-05-14T11:19:11,0.13,0.0,0.13,prorata,WALLBOX_EXPORT,,,,,,2026-09-24T10:57:36.776469
wallbox,2026-05-14T11:20:12,2026-05-14T12:06:42,1.52,0.0,1.52,prorata,WALLBOX_EXPORT,,,,,,2026-09-24T10:57:36.776374
wallbox,2026-05-14T12:07:45,2026-05-14T12:36:14,1.4,0.6012873025160912,0.7987126974839087,prorata,WALLBOX_EXPORT,,,,,,2026-09-24T10:57:36.776286
wallbox,2026-05-14T12:37:15,2026-05-14T12:49:31,0.41,0.41,0.0,prorata,WALLBOX_EXPORT,,,,,,2026-09-24T10:57:36.776198
wallbox,2026-05-15T09:47:16,2026-05-15T11:08:26,0.84,0.0,0.84,prorata,WALLBOX_EXPORT,,,,,,2026-09-24T10:57:36.776109
wallbox,2026-05-15T11:19:16,2026-05-15T12:36:28,3.13,0.5054490500863558,2.624550949913644,prorata,WALLBOX_EXPORT,,,,,,2026-09-24T10:57:36.776018
wallbox,2026-05-15T12:37:30,2026-05-15T12:41:58,0.13,0.13,0.0,prorata,WALLBOX_EXPORT,,,,,,2026-09-24T10:57:36.775910
wallbox,2026-05-15T12:43:00,2026-05-15T15:41:36,1.99,1.7938969764837625,0.19610302351623748,prorata,WALLBOX_EXPORT,,,,,,2026-09-24T10:57:36.775807
wallbox,2026-05-15T15:43:02,2026-05-15T15:43:58,0.04,0.0,0.04,prorata,WALLBOX_EXPORT,,,,,,2026-09-24T10:57:36.775717
wallbox,2026-05-15T15:44:59,2026-05-15T18:32:20,8.64,0.0,8.64,prorata,WALLBOX_EXPORT,,,,,,2026-09-24T10:57:36.775612
wallbox,2026-05-16T09:32:00,2026-05-16T09:51:40,0.31,0.0,0.31,prorata,WALLBOX_EXPORT,,,,,,2026-09-24T10:57:36.775524
wallbox,2026-05-16T09:57:52,2026-05-16T09:57:59,0.0,0.0,0.0,prorata,WALLBOX_EXPORT,,,,,,2026-09-24T10:57:36.775441
wallbox,2026-05-16T09:59:00,2026-05-16T11:22:57,3.83,0.0,3.83,prorata,WALLBOX_EXPORT,,,,,,2026-09-24T10:57:36.775352
wallbox,2026-05-16T11:23:58,2026-05-16T11:26:10,0.12,0.0,0.12,prorata,WALLBOX_EXPORT,,,,,,2026-09-24T10:57:36.775263
wallbox,2026-05-16T11:27:09,2026-05-16T11:29:19,0.12,0.0,0.12,prorata,WALLBOX_EXPORT,,,,,,2026-09-24T10:57:36.775182
wallbox,2026-05-16T11:30:20,2026-05-16T12:00:18,1.51,0.0,1.51,prorata,WALLBOX_EXPORT,,,,,,2026-09-24T10:57:36.775100
wallbox,2026-05-16T12:03:20,2026-05-16T12:30:44,1.45,0.35632603406326036,1.0936739659367396,prorata,WALLBOX_EXPORT,,,,,,2026-09-24T10:57:36.775014
wallbox,2026-05-16T17:17:20,2026-05-16T17:50:49,0.91,0.0,0.91,prorata,WALLBOX_EXPORT,,,,,,2026-09-24T10:57:36.774923
wallbox,2026-05-16T17:51:07,2026-05-16T17:58:44,0.17,0.0,0.17,prorata,WALLBOX_EXPORT,,,,,,2026-09-24T10:57:36.774826
wallbox,2026-05-16T17:59:44,2026-05-16T18:09:14,0.58,0.0,0.58,prorata,WALLBOX_EXPORT,,,,,,2026-09-24T10:57:36.774745
wallbox,2026-05-16T18:10:16,2026-05-16T18:51:40,1.98,0.0,1.98,prorata,WALLBOX_EXPORT,,,,,,2026-09-24T10:57:36.774664
wallbox,2026-05-16T18:52:41,2026-05-16T19:01:22,0.27,0.0,0.27,prorata,WALLBOX_EXPORT,,,,,,2026-09-24T10:57:36.774582
wallbox,2026-05-17T08:37:18,2026-05-17T08:45:44,0.17,0.0,0.17,prorata,WALLBOX_EXPORT,,,,,,2026-09-24T10:57:36.774500
wallbox,2026-05-17T08:46:46,2026-05-17T09:02:24,0.38,0.0,0.38,prorata,WALLBOX_EXPORT,,,,,,2026-09-24T10:57:36.774418
wallbox,2026-05-17T09:03:25,2026-05-17T09:50:34,1.32,0.0,1.32,prorata,WALLBOX_EXPORT,,,,,,2026-09-24T10:57:36.774312
wallbox,2026-05-17T09:51:35,2026-05-17T10:29:07,1.46,0.0,1.46,prorata,WALLBOX_EXPORT,,,,,,2026-09-24T10:57:36.774222
wallbox,2026-05-17T10:29:09,2026-05-17T10:31:17,0.07,0.0,0.07,prorata,WALLBOX_EXPORT,,,,,,2026-09-24T10:57:36.774134
wallbox,2026-05-17T10:32:20,2026-05-17T11:00:50,1.25,0.0,1.25,prorata,WALLBOX_EXPORT,,,,,,2026-09-24T10:57:36.774045
wallbox,2026-05-17T11:01:53,2026-05-17T11:19:31,0.82,0.0,0.82,prorata,WALLBOX_EXPORT,,,,,,2026-09-24T10:57:36.773948
wallbox,2026-05-17T11:20:34,2026-05-17T11:34:49,0.73,0.0,0.73,prorata,WALLBOX_EXPORT,,,,,,2026-09-24T10:57:36.773866
wallbox,2026-05-17T11:35:51,2026-05-17T11:54:49,0.98,0.0,0.98,prorata,WALLBOX_EXPORT,,,,,,2026-09-24T10:57:36.773778
wallbox,2026-05-17T12:05:51,2026-05-17T13:06:34,2.93,2.054136700521548,0.875863299478452,prorata,WALLBOX_EXPORT,,,,,,2026-09-24T10:57:36.773696
wallbox,2026-05-17T16:59:50,2026-05-17T17:06:08,0.48,0.0,0.48,prorata,WALLBOX_EXPORT,,,,,,2026-09-24T10:57:36.773606
wallbox,2026-05-17T17:06:10,2026-05-17T17:12:51,0.53,0.0,0.53,prorata,WALLBOX_EXPORT,,,,,,2026-09-24T10:57:36.773519
wallbox,2026-05-17T17:13:52,2026-05-17T17:20:28,0.51,0.0,0.51,prorata,WALLBOX_EXPORT,,,,,,2026-09-24T10:57:36.773438
wallbox,2026-05-17T17:20:48,2026-05-17T17:23:30,0.22,0.0,0.22,prorata,WALLBOX_EXPORT,,,,,,2026-09-24T10:57:36.773357
wallbox,2026-05-17T17:23:54,2026-05-17T17:27:03,0.3,0.0,0.3,prorata,WALLBOX_EXPORT,,,,,,2026-09-24T10:57:36.773275
wallbox,2026-05-17T17:28:04,2026-05-17T17:33:32,0.39,0.0,0.39,prorata,WALLBOX_EXPORT,,,,,,2026-09-24T10:57:36.773187
wallbox,2026-05-17T17:33:57,2026-05-17T17:36:25,0.19,0.0,0.19,prorata,WALLBOX_EXPORT,,,,,,2026-09-24T10:57:36.773105
wallbox,2026-05-17T17:37:26,2026-05-17T17:41:57,0.34,0.0,0.34,prorata,WALLBOX_EXPORT,,,,,,2026-09-24T10:57:36.773021
wallbox,2026-05-17T17:42:59,2026-05-17T17:52:04,0.64,0.0,0.64,prorata,WALLBOX_EXPORT,,,,,,2026-09-24T10:57:36.772931
wallbox,2026-05-17T17:53:05,2026-05-17T18:01:45,0.59,0.0,0.59,prorata,WALLBOX_EXPORT,,,,,,2026-09-24T10:57:36.772849
wallbox,2026-05-17T18:02:46,2026-05-17T18:09:45,0.57,0.0,0.57,prorata,WALLBOX_EXPORT,,,,,,2026-09-24T10:57:36.772760
wallbox,2026-05-17T18:15:47,2026-05-17T18:41:03,1.49,0.0,1.49,prorata,WALLBOX_EXPORT,,,,,,2026-09-24T10:57:36.772662
wallbox,2026-05-17T18:42:05,2026-05-17T19:02:15,0.74,0.0,0.74,prorata,WALLBOX_EXPORT,,,,,,2026-09-24T10:57:36.772581
wallbox,2026-05-18T14:17:32,2026-05-18T14:36:45,0.29,0.29,0.0,prorata,WALLBOX_EXPORT,,,,,,2026-09-24T10:57:36.772498
wallbox,2026-05-18T14:36:45,2026-05-18T14:45:44,0.0,0.0,0.0,prorata,WALLBOX_EXPORT,,,,,,2026-09-24T10:57:36.772416
wallbox,2026-05-18T14:46:45,2026-05-18T19:27:38,6.62,0.8779267786150834,5.742073221384917,prorata,WALLBOX_EXPORT,,,,,,2026-09-24T10:57:36.772334
wallbox,2026-05-19T08:36:35,2026-05-19T08:38:46,0.18,0.0,0.18,prorata,WALLBOX_EXPORT,,,,,,2026-09-24T10:57:36.772244
wallbox,2026-05-19T08:51:35,2026-05-19T08:58:11,0.74,0.0,0.74,prorata,WALLBOX_EXPORT,,,,,,2026-09-24T10:57:36.772162
wallbox,2026-05-19T09:01:12,2026-05-19T09:38:25,2.38,0.0,2.38,prorata,WALLBOX_EXPORT,,,,,,2026-09-24T10:57:36.772067
wallbox,2026-05-19T09:39:27,2026-05-19T10:23:01,0.84,0.0,0.84,prorata,WALLBOX_EXPORT,,,,,,2026-09-24T10:57:36.771949
wallbox,2026-05-19T10:24:02,2026-05-19T10:35:35,0.22,0.0,0.22,prorata,WALLBOX_EXPORT,,,,,,2026-09-24T10:57:36.771867
wallbox,2026-05-19T10:36:36,2026-05-19T10:39:07,0.26,0.0,0.26,prorata,WALLBOX_EXPORT,,,,,,2026-09-24T10:57:36.771786
wallbox,2026-05-19T10:40:08,2026-05-19T10:43:24,0.06,0.0,0.06,prorata,WALLBOX_EXPORT,,,,,,2026-09-24T10:57:36.771703
wallbox,2026-05-19T10:43:25,2026-05-19T10:46:35,0.11,0.0,0.11,prorata,WALLBOX_EXPORT,,,,,,2026-09-24T10:57:36.771597
wallbox,2026-05-19T10:59:34,2026-05-19T11:02:49,0.33,0.0,0.33,prorata,WALLBOX_EXPORT,,,,,,2026-09-24T10:57:36.771512
wallbox,2026-05-19T11:02:49,2026-05-19T11:07:13,0.48,0.0,0.48,prorata,WALLBOX_EXPORT,,,,,,2026-09-24T10:57:36.771423
wallbox,2026-05-19T11:07:44,2026-05-19T11:13:00,0.27,0.0,0.27,prorata,WALLBOX_EXPORT,,,,,,2026-09-24T10:57:36.771334
wallbox,2026-05-19T11:13:01,2026-05-19T11:18:21,0.59,0.0,0.59,prorata,WALLBOX_EXPORT,,,,,,2026-09-24T10:57:36.771252
wallbox,2026-05-19T11:18:22,2026-05-19T11:22:36,0.15,0.0,0.15,prorata,WALLBOX_EXPORT,,,,,,2026-09-24T10:57:36.771170
wallbox,2026-05-19T11:23:38,2026-05-19T11:30:13,0.74,0.0,0.74,prorata,WALLBOX_EXPORT,,,,,,2026-09-24T10:57:36.771089
wallbox,2026-05-19T11:31:15,2026-05-19T11:33:13,0.19,0.0,0.19,prorata,WALLBOX_EXPORT,,,,,,2026-09-24T10:57:36.770987
wallbox,2026-05-19T11:42:58,2026-05-19T11:44:45,0.17,0.0,0.17,prorata,WALLBOX_EXPORT,,,,,,2026-09-24T10:57:36.770907
wallbox,2026-05-19T11:49:55,2026-05-19T11:51:42,0.03,0.0,0.03,prorata,WALLBOX_EXPORT,,,,,,2026-09-24T10:57:36.770826
wallbox,2026-05-19T11:52:02,2026-05-19T11:53:27,0.1,0.0,0.1,prorata,WALLBOX_EXPORT,,,,,,2026-09-24T10:57:36.770745
wallbox,2026-05-19T12:00:29,2026-05-19T12:05:59,0.33,0.0,0.33,prorata,WALLBOX_EXPORT,,,,,,2026-09-24T10:57:36.770663
wallbox,2026-05-19T12:07:01,2026-05-19T12:12:30,0.32,0.0,0.32,prorata,WALLBOX_EXPORT,,,,,,2026-09-24T10:57:36.770581
wallbox,2026-05-19T12:13:31,2026-05-19T12:19:03,0.2,0.0,0.2,prorata,WALLBOX_EXPORT,,,,,,2026-09-24T10:57:36.770492
wallbox,2026-05-19T12:20:04,2026-05-19T12:30:35,0.2,0.12519809825673534,0.07480190174326466,prorata,WALLBOX_EXPORT,,,,,,2026-09-24T10:57:36.770410
wallbox,2026-05-19T12:31:36,2026-05-19T12:38:06,0.12,0.12,0.0,prorata,WALLBOX_EXPORT,,,,,,2026-09-24T10:57:36.770328
wallbox,2026-05-19T12:38:06,2026-05-19T12:40:15,0.11,0.11,0.0,prorata,WALLBOX_EXPORT,,,,,,2026-09-24T10:57:36.770246
wallbox,2026-05-19T12:41:17,2026-05-19T13:20:06,0.76,0.76,0.0,prorata,WALLBOX_EXPORT,,,,,,2026-09-24T10:57:36.770164
wallbox,2026-05-20T06:41:20,2026-05-20T10:05:29,0.01,0.0006204588129643236,0.009379541187035677,prorata,WALLBOX_EXPORT,,,,,,2026-09-24T10:57:36.770081
wallbox,2026-05-20T10:06:30,2026-05-20T12:08:09,5.47,0.0,5.47,prorata,WALLBOX_EXPORT,,,,,,2026-09-24T10:57:36.769972
wallbox,2026-05-20T12:09:10,2026-05-20T13:07:53,2.91,2.1748594947487936,0.7351405052512066,prorata,WALLBOX_EXPORT,,,,,,2026-09-24T10:57:36.769876
wallbox,2026-05-20T13:08:55,2026-05-20T16:37:18,9.05,5.866612013116852,3.183387986883148,prorata,WALLBOX_EXPORT,,,,,,2026-09-24T10:57:36.769794
wallbox,2026-05-20T16:38:20,2026-05-20T17:30:18,1.54,0.0,1.54,prorata,WALLBOX_EXPORT,,,,,,2026-09-24T10:57:36.769699
wallbox,2026-05-20T17:31:19,2026-05-20T18:00:17,0.66,0.0,0.66,prorata,WALLBOX_EXPORT,,,,,,2026-09-24T10:57:36.769611
wallbox,2026-05-20T18:09:19,2026-05-20T19:32:49,0.93,0.0,0.93,prorata,WALLBOX_EXPORT,,,,,,2026-09-24T10:57:36.769521
wallbox,2026-05-21T06:40:29,2026-05-21T11:40:13,3.58,0.16144239323843415,3.418557606761566,prorata,WALLBOX_EXPORT,,,,,,2026-09-24T10:57:36.769432
wallbox,2026-05-21T11:41:15,2026-05-21T13:42:16,5.79,3.7446412339898085,2.0453587660101915,prorata,WALLBOX_EXPORT,,,,,,2026-09-24T10:57:36.769342
wallbox,2026-05-21T13:43:18,2026-05-21T14:28:50,1.93,1.93,0.0,prorata,WALLBOX_EXPORT,,,,,,2026-09-24T10:57:36.769244
wallbox,2026-05-21T14:29:51,2026-05-21T15:22:43,2.06,2.06,0.0,prorata,WALLBOX_EXPORT,,,,,,2026-09-24T10:57:36.769149
wallbox,2026-05-21T15:23:44,2026-05-21T16:31:02,2.68,0.010619118375433383,2.669380881624567,prorata,WALLBOX_EXPORT,,,,,,2026-09-24T10:57:36.769057
wallbox,2026-05-21T16:32:03,2026-05-21T17:00:43,0.88,0.0,0.88,prorata,WALLBOX_EXPORT,,,,,,2026-09-24T10:57:36.768959
wallbox,2026-05-21T17:04:28,2026-05-21T17:05:01,0.01,0.0,0.01,prorata,WALLBOX_EXPORT,,,,,,2026-09-24T10:57:36.768871
wallbox,2026-05-21T17:06:02,2026-05-21T17:08:02,0.08,0.0,0.08,prorata,WALLBOX_EXPORT,,,,,,2026-09-24T10:57:36.768778
wallbox,2026-05-21T17:30:19,2026-05-21T17:33:00,0.06,0.0,0.06,prorata,WALLBOX_EXPORT,,,,,,2026-09-24T10:57:36.768696
wallbox,2026-05-21T17:34:01,2026-05-21T17:55:15,0.48,0.0,0.48,prorata,WALLBOX_EXPORT,,,,,,2026-09-24T10:57:36.768608
wallbox,2026-05-21T17:56:16,2026-05-21T18:02:46,0.15,0.0,0.15,prorata,WALLBOX_EXPORT,,,,,,2026-09-24T10:57:36.768512
wallbox,2026-05-21T18:03:49,2026-05-21T18:06:16,0.05,0.0,0.05,prorata,WALLBOX_EXPORT,,,,,,2026-09-24T10:57:36.768430
wallbox,2026-05-21T18:07:18,2026-05-21T18:33:43,0.54,0.0,0.54,prorata,WALLBOX_EXPORT,,,,,,2026-09-24T10:57:36.768342
wallbox,2026-05-22T08:51:18,2026-05-22T09:47:30,1.27,0.0,1.27,prorata,WALLBOX_EXPORT,,,,,,2026-09-24T10:57:36.768260
wallbox,2026-05-22T09:47:47,2026-05-22T09:49:01,0.09,0.0,0.09,prorata,WALLBOX_EXPORT,,,,,,2026-09-24T10:57:36.768177
wallbox,2026-05-22T09:50:01,2026-05-22T12:46:44,7.37,0.9480977081957936,6.421902291804206,prorata,WALLBOX_EXPORT,,,,,,2026-09-24T10:57:36.768087
wallbox,2026-05-22T12:46:46,2026-05-22T12:48:53,0.04,0.04,0.0,prorata,WALLBOX_EXPORT,,,,,,2026-09-24T10:57:36.767989
wallbox,2026-05-22T12:49:55,2026-05-22T12:53:25,0.07,0.07,0.0,prorata,WALLBOX_EXPORT,,,,,,2026-09-24T10:57:36.767907
wallbox,2026-05-22T12:53:26,2026-05-22T12:55:33,0.11,0.11,0.0,prorata,WALLBOX_EXPORT,,,,,,2026-09-24T10:57:36.767826
wallbox,2026-05-22T12:56:34,2026-05-22T13:08:05,0.37,0.37,0.0,prorata,WALLBOX_EXPORT,,,,,,2026-09-24T10:57:36.767744
wallbox,2026-05-22T13:09:05,2026-05-22T13:13:23,0.15,0.15,0.0,prorata,WALLBOX_EXPORT,,,,,,2026-09-24T10:57:36.767662
wallbox,2026-05-22T13:13:42,2026-05-22T13:16:17,0.12,0.12,0.0,prorata,WALLBOX_EXPORT,,,,,,2026-09-24T10:57:36.767570
wallbox,2026-05-22T13:18:52,2026-05-22T13:19:54,0.08,0.08,0.0,prorata,WALLBOX_EXPORT,,,,,,2026-09-24T10:57:36.767488
wallbox,2026-05-22T13:20:56,2026-05-22T13:28:18,0.75,0.75,0.0,prorata,WALLBOX_EXPORT,,,,,,2026-09-24T10:57:36.767407
wallbox,2026-05-22T13:29:19,2026-05-22T13:32:32,0.29,0.29,0.0,prorata,WALLBOX_EXPORT,,,,,,2026-09-24T10:57:36.767325
wallbox,2026-05-22T13:33:35,2026-05-22T13:37:16,0.32,0.32,0.0,prorata,WALLBOX_EXPORT,,,,,,2026-09-24T10:57:36.767243
wallbox,2026-05-22T13:38:17,2026-05-22T13:47:40,0.19,0.19,0.0,prorata,WALLBOX_EXPORT,,,,,,2026-09-24T10:57:36.767161
wallbox,2026-05-22T13:47:41,2026-05-22T13:57:30,0.36,0.36,0.0,prorata,WALLBOX_EXPORT,,,,,,2026-09-24T10:57:36.767071
wallbox,2026-05-22T13:58:27,2026-05-22T13:59:25,0.07,0.07,0.0,prorata,WALLBOX_EXPORT,,,,,,2026-09-24T10:57:36.766976
wallbox,2026-05-22T14:25:36,2026-05-22T14:28:14,0.18,0.18,0.0,prorata,WALLBOX_EXPORT,,,,,,2026-09-24T10:57:36.766886
wallbox,2026-05-22T14:28:15,2026-05-22T14:33:31,0.15,0.15,0.0,prorata,WALLBOX_EXPORT,,,,,,2026-09-24T10:57:36.766805
wallbox,2026-05-22T14:34:32,2026-05-22T14:40:02,0.27,0.27,0.0,prorata,WALLBOX_EXPORT,,,,,,2026-09-24T10:57:36.766722
wallbox,2026-05-22T14:40:03,2026-05-22T14:41:16,0.02,0.02,0.0,prorata,WALLBOX_EXPORT,,,,,,2026-09-24T10:57:36.766630
wallbox,2026-05-22T14:42:17,2026-05-22T14:52:48,0.3,0.3,0.0,prorata,WALLBOX_EXPORT,,,,,,2026-09-24T10:57:36.766547
wallbox,2026-05-22T14:53:50,2026-05-22T15:03:18,0.44,0.44,0.0,prorata,WALLBOX_EXPORT,,,,,,2026-09-24T10:57:36.766465
wallbox,2026-05-22T15:04:21,2026-05-22T15:11:36,0.33,0.33,0.0,prorata,WALLBOX_EXPORT,,,,,,2026-09-24T10:57:36.766383
wallbox,2026-05-22T15:11:56,2026-05-22T15:16:21,0.25,0.25,0.0,prorata,WALLBOX_EXPORT,,,,,,2026-09-24T10:57:36.766293
wallbox,2026-05-22T15:17:23,2026-05-22T15:23:41,0.3,0.3,0.0,prorata,WALLBOX_EXPORT,,,,,,2026-09-24T10:57:36.766196
wallbox,2026-05-22T15:24:42,2026-05-22T15:28:18,0.16,0.0,0.16,prorata,WALLBOX_EXPORT,,,,,,2026-09-24T10:57:36.766095
wallbox,2026-05-22T15:29:18,2026-05-22T15:32:34,0.14,0.0,0.14,prorata,WALLBOX_EXPORT,,,,,,2026-09-24T10:57:36.766001
wallbox,2026-05-22T15:33:36,2026-05-22T15:53:30,2.32,0.0,2.32,prorata,WALLBOX_EXPORT,,,,,,2026-09-24T10:57:36.765895
wallbox,2026-05-22T15:53:32,2026-05-22T17:22:42,4.7,0.0,4.7,prorata,WALLBOX_EXPORT,,,,,,2026-09-24T10:57:36.765814
wallbox,2026-05-23T09:31:10,2026-05-23T12:40:08,7.02,0.5993437996119244,6.420656200388075,prorata,WALLBOX_EXPORT,,,,,,2026-09-24T10:57:36.765732
wallbox,2026-05-23T12:41:10,2026-05-23T13:38:06,2.15,2.15,0.0,prorata,WALLBOX_EXPORT,,,,,,2026-09-24T10:57:36.765649
wallbox,2026-05-23T13:43:10,2026-05-23T13:48:52,0.17,0.17,0.0,prorata,WALLBOX_EXPORT,,,,,,2026-09-24T10:57:36.765566
wallbox,2026-05-23T13:50:40,2026-05-23T13:54:21,0.17,0.17,0.0,prorata,WALLBOX_EXPORT,,,,,,2026-09-24T10:57:36.765466
wallbox,2026-05-23T13:55:21,2026-05-23T14:00:21,0.2,0.2,0.0,prorata,WALLBOX_EXPORT,,,,,,2026-09-24T10:57:36.765384
wallbox,2026-05-23T14:33:22,2026-05-23T15:21:42,2.16,2.16,0.0,prorata,WALLBOX_EXPORT,,,,,,2026-09-24T10:57:36.765293
wallbox,2026-05-23T15:22:43,2026-05-23T16:25:37,2.42,0.04937466878643349,2.3706253312135663,prorata,WALLBOX_EXPORT,,,,,,2026-09-24T10:57:36.765211
wallbox,2026-05-23T17:07:43,2026-05-23T18:43:15,1.32,0.0,1.32,prorata,WALLBOX_EXPORT,,,,,,2026-09-24T10:57:36.765129
wallbox,2026-05-23T18:44:17,2026-05-23T18:51:01,0.07,0.0,0.07,prorata,WALLBOX_EXPORT,,,,,,2026-09-24T10:57:36.765047
wallbox,2026-05-24T09:24:00,2026-05-24T10:44:34,2.66,0.0,2.66,prorata,WALLBOX_EXPORT,,,,,,2026-09-24T10:57:36.764957
wallbox,2026-05-24T10:45:36,2026-05-24T13:32:07,6.94,2.838933039735762,4.101066960264237,prorata,WALLBOX_EXPORT,,,,,,2026-09-24T10:57:36.764875
wallbox,2026-05-24T13:32:35,2026-05-24T13:58:34,1.08,1.08,0.0,prorata,WALLBOX_EXPORT,,,,,,2026-09-24T10:57:36.764791
wallbox,2026-05-24T15:09:35,2026-05-24T15:43:05,0.81,0.3485820895522388,0.46141791044776126,prorata,WALLBOX_EXPORT,,,,,,2026-09-24T10:57:36.764692
wallbox,2026-05-24T15:44:06,2026-05-24T20:18:14,0.5,0.0,0.5,prorata,WALLBOX_EXPORT,,,,,,2026-09-24T10:57:36.764610
wallbox,2026-05-25T16:53:21,2026-05-25T18:47:36,5.72,0.0,5.72,prorata,WALLBOX_EXPORT,,,,,,2026-09-24T10:57:36.764529
wallbox,2026-05-26T09:43:33,2026-05-26T13:54:22,7.9,2.846288789952821,5.0537112100471795,prorata,WALLBOX_EXPORT,,,,,,2026-09-24T10:57:36.764446
wallbox,2026-05-26T13:55:23,2026-05-26T14:00:21,0.31,0.31,0.0,prorata,WALLBOX_EXPORT,,,,,,2026-09-24T10:57:36.764364
wallbox,2026-05-26T14:03:23,2026-05-26T14:10:56,0.18,0.18,0.0,prorata,WALLBOX_EXPORT,,,,,,2026-09-24T10:57:36.764281
wallbox,2026-05-26T14:11:58,2026-05-26T14:30:29,0.84,0.84,0.0,prorata,WALLBOX_EXPORT,,,,,,2026-09-24T10:57:36.764199
wallbox,2026-05-26T14:31:32,2026-05-26T14:56:02,0.5,0.5,0.0,prorata,WALLBOX_EXPORT,,,,,,2026-09-24T10:57:36.764116
wallbox,2026-05-26T14:57:04,2026-05-26T14:59:37,0.18,0.18,0.0,prorata,WALLBOX_EXPORT,,,,,,2026-09-24T10:57:36.764012
wallbox,2026-05-26T15:00:38,2026-05-26T15:04:12,0.38,0.38,0.0,prorata,WALLBOX_EXPORT,,,,,,2026-09-24T10:57:36.763917
wallbox,2026-05-26T15:04:13,2026-05-26T15:06:22,0.11,0.11,0.0,prorata,WALLBOX_EXPORT,,,,,,2026-09-24T10:57:36.763829
wallbox,2026-05-26T15:07:22,2026-05-26T15:11:51,0.31,0.31,0.0,prorata,WALLBOX_EXPORT,,,,,,2026-09-24T10:57:36.763739
wallbox,2026-05-26T15:12:18,2026-05-26T15:12:51,0.01,0.01,0.0,prorata,WALLBOX_EXPORT,,,,,,2026-09-24T10:57:36.763650
wallbox,2026-05-26T15:12:53,2026-05-26T15:14:05,0.09,0.09,0.0,prorata,WALLBOX_EXPORT,,,,,,2026-09-24T10:57:36.763568
wallbox,2026-05-26T15:15:07,2026-05-26T15:16:05,0.07,0.07,0.0,prorata,WALLBOX_EXPORT,,,,,,2026-09-24T10:57:36.763479
wallbox,2026-05-26T15:59:06,2026-05-26T18:00:05,3.04,0.0,3.04,prorata,WALLBOX_EXPORT,,,,,,2026-09-24T10:57:36.763393
wallbox,2026-05-27T16:56:42,2026-05-27T16:57:45,0.03,0.0,0.03,prorata,WALLBOX_EXPORT,,,,,,2026-09-24T10:57:36.763311
wallbox,2026-05-27T16:58:46,2026-05-27T17:00:20,0.14,0.0,0.14,prorata,WALLBOX_EXPORT,,,,,,2026-09-24T10:57:36.763223
wallbox,2026-05-27T17:01:21,2026-05-27T17:23:51,2.63,0.0,2.63,prorata,WALLBOX_EXPORT,,,,,,2026-09-24T10:57:36.763141
wallbox,2026-05-27T17:24:54,2026-05-27T17:43:52,2.19,0.0,2.19,prorata,WALLBOX_EXPORT,,,,,,2026-09-24T10:57:36.763045
wallbox,2026-05-27T17:53:53,2026-05-27T18:35:51,4.66,0.0,4.66,prorata,WALLBOX_EXPORT,,,,,,2026-09-24T10:57:36.762942
wallbox,2026-05-27T19:00:54,2026-05-27T19:08:47,0.89,0.0,0.89,prorata,WALLBOX_EXPORT,,,,,,2026-09-24T10:57:36.762851
wallbox,2026-05-27T19:09:48,2026-05-27T19:12:20,0.25,0.0,0.25,prorata,WALLBOX_EXPORT,,,,,,2026-09-24T10:57:36.762763
wallbox,2026-05-27T19:13:22,2026-05-27T19:18:01,0.51,0.0,0.51,prorata,WALLBOX_EXPORT,,,,,,2026-09-24T10:57:36.762675
wallbox,2026-05-27T19:19:03,2026-05-27T19:21:32,0.25,0.0,0.25,prorata,WALLBOX_EXPORT,,,,,,2026-09-24T10:57:36.762594
wallbox,2026-05-27T19:22:34,2026-05-27T19:27:32,0.41,0.0,0.41,prorata,WALLBOX_EXPORT,,,,,,2026-09-24T10:57:36.762505
wallbox,2026-05-27T20:03:33,2026-05-27T20:09:48,0.69,0.0,0.69,prorata,WALLBOX_EXPORT,,,,,,2026-09-24T10:57:36.762417
wallbox,2026-05-27T20:10:49,2026-05-27T20:15:20,0.49,0.0,0.49,prorata,WALLBOX_EXPORT,,,,,,2026-09-24T10:57:36.762329
wallbox,2026-05-27T20:16:21,2026-05-27T20:22:39,0.69,0.0,0.69,prorata,WALLBOX_EXPORT,,,,,,2026-09-24T10:57:36.762248
wallbox,2026-05-27T20:26:05,2026-05-27T20:29:36,0.06,0.0,0.06,prorata,WALLBOX_EXPORT,,,,,,2026-09-24T10:57:36.762166
wallbox,2026-05-27T20:30:37,2026-05-27T20:37:06,0.68,0.0,0.68,prorata,WALLBOX_EXPORT,,,,,,2026-09-24T10:57:36.762075
wallbox,2026-05-27T20:37:07,2026-05-27T20:40:32,0.38,0.0,0.38,prorata,WALLBOX_EXPORT,,,,,,2026-09-24T10:57:36.761984
wallbox,2026-05-27T20:40:35,2026-05-27T20:43:18,0.3,0.0,0.3,prorata,WALLBOX_EXPORT,,,,,,2026-09-24T10:57:36.761896
wallbox,2026-05-27T20:43:43,2026-05-27T20:45:07,0.15,0.0,0.15,prorata,WALLBOX_EXPORT,,,,,,2026-09-24T10:57:36.761814
wallbox,2026-05-27T20:46:08,2026-05-27T20:49:41,0.4,0.0,0.4,prorata,WALLBOX_EXPORT,,,,,,2026-09-24T10:57:36.761726
wallbox,2026-05-27T20:49:42,2026-05-27T20:55:05,0.61,0.0,0.61,prorata,WALLBOX_EXPORT,,,,,,2026-09-24T10:57:36.761644
wallbox,2026-05-27T20:55:06,2026-05-27T20:56:40,0.16,0.0,0.16,prorata,WALLBOX_EXPORT,,,,,,2026-09-24T10:57:36.761563
wallbox,2026-05-27T20:57:41,2026-05-27T21:02:14,0.44,0.0,0.44,prorata,WALLBOX_EXPORT,,,,,,2026-09-24T10:57:36.761482
wallbox,2026-05-27T21:03:15,2026-05-27T21:07:51,0.52,0.0,0.52,prorata,WALLBOX_EXPORT,,,,,,2026-09-24T10:57:36.761400
wallbox,2026-05-27T21:07:52,2026-05-27T21:12:25,0.51,0.0,0.51,prorata,WALLBOX_EXPORT,,,,,,2026-09-24T10:57:36.761311
wallbox,2026-05-27T21:12:26,2026-05-27T21:14:35,0.23,0.0,0.23,prorata,WALLBOX_EXPORT,,,,,,2026-09-24T10:57:36.761221
wallbox,2026-05-27T21:15:37,2026-05-27T21:22:08,0.74,0.0,0.74,prorata,WALLBOX_EXPORT,,,,,,2026-09-24T10:57:36.761139
wallbox,2026-05-27T21:23:07,2026-05-27T21:26:24,0.37,0.0,0.37,prorata,WALLBOX_EXPORT,,,,,,2026-09-24T10:57:36.761057
wallbox,2026-05-27T21:27:25,2026-05-27T21:31:56,0.51,0.0,0.51,prorata,WALLBOX_EXPORT,,,,,,2026-09-24T10:57:36.760950
wallbox,2026-05-27T21:32:58,2026-05-27T21:35:28,0.27,0.0,0.27,prorata,WALLBOX_EXPORT,,,,,,2026-09-24T10:57:36.760862
wallbox,2026-05-27T21:50:02,2026-05-27T21:50:57,0.04,0.0,0.04,prorata,WALLBOX_EXPORT,,,,,,2026-09-24T10:57:36.760765
wallbox,2026-05-27T22:18:01,2026-05-27T22:26:32,0.87,0.0,0.87,prorata,WALLBOX_EXPORT,,,,,,2026-09-24T10:57:36.760672
wallbox,2026-05-27T22:26:34,2026-05-27T22:28:45,0.23,0.0,0.23,prorata,WALLBOX_EXPORT,,,,,,2026-09-24T10:57:36.760590
wallbox,2026-05-27T22:29:46,2026-05-27T22:32:16,0.27,0.0,0.27,prorata,WALLBOX_EXPORT,,,,,,2026-09-24T10:57:36.760509
wallbox,2026-05-27T22:33:17,2026-05-27T22:44:42,1.29,0.0,1.29,prorata,WALLBOX_EXPORT,,,,,,2026-09-24T10:57:36.760427
wallbox,2026-05-27T22:44:43,2026-05-27T22:49:40,0.55,0.0,0.55,prorata,WALLBOX_EXPORT,,,,,,2026-09-24T10:57:36.760346
wallbox,2026-05-27T22:50:41,2026-05-27T22:54:12,0.39,0.0,0.39,prorata,WALLBOX_EXPORT,,,,,,2026-09-24T10:57:36.760256
wallbox,2026-05-27T22:54:38,2026-05-27T22:55:12,0.05,0.0,0.05,prorata,WALLBOX_EXPORT,,,,,,2026-09-24T10:57:36.760175
wallbox,2026-05-27T22:55:13,2026-05-27T22:57:55,0.29,0.0,0.29,prorata,WALLBOX_EXPORT,,,,,,2026-09-24T10:57:36.760093
wallbox,2026-05-27T22:59:57,2026-05-27T23:01:51,0.2,0.0,0.2,prorata,WALLBOX_EXPORT,,,,,,2026-09-24T10:57:36.759999
wallbox,2026-05-27T23:01:51,2026-05-27T23:03:34,0.18,0.0,0.18,prorata,WALLBOX_EXPORT,,,,,,2026-09-24T10:57:36.759878
wallbox,2026-05-27T23:04:35,2026-05-28T06:17:16,0.05,0.030422556912291517,0.019577443087708486,prorata,WALLBOX_EXPORT,,,,,,2026-09-24T10:57:36.759796
wallbox,2026-05-28T06:17:48,2026-05-28T10:24:20,0.0,0.0,0.0,prorata,WALLBOX_EXPORT,,,,,,2026-09-24T10:57:36.759709
wallbox,2026-05-28T10:25:19,2026-05-28T12:13:16,2.74,0.0,2.74,prorata,WALLBOX_EXPORT,,,,,,2026-09-24T10:57:36.759626
wallbox,2026-05-28T12:14:17,2026-05-28T12:21:49,0.41,0.0,0.41,prorata,WALLBOX_EXPORT,,,,,,2026-09-24T10:57:36.759544
wallbox,2026-05-28T12:22:50,2026-05-28T14:00:48,1.95,1.9267778155835318,0.0232221844164682,prorata,WALLBOX_EXPORT,,,,,,2026-09-24T10:57:36.759462
wallbox,2026-05-28T14:01:50,2026-05-28T17:23:49,6.73,2.737758890997607,3.9922411090023937,prorata,WALLBOX_EXPORT,,,,,,2026-09-24T10:57:36.759353
wallbox,2026-05-29T06:25:05,2026-05-29T07:32:28,3.47,1.489104625278259,1.9808953747217413,prorata,WALLBOX_EXPORT,,,,,,2026-09-24T10:57:36.759271
wallbox,2026-05-29T07:33:30,2026-05-29T13:10:18,6.23,0.8564400237529692,5.373559976247031,prorata,WALLBOX_EXPORT,,,,,,2026-09-24T10:57:36.759187
wallbox,2026-05-29T13:13:18,2026-05-29T13:14:27,0.1,0.1,0.0,prorata,WALLBOX_EXPORT,,,,,,2026-09-24T10:57:36.759103
wallbox,2026-05-29T13:27:29,2026-05-29T13:38:13,1.24,1.24,0.0,prorata,WALLBOX_EXPORT,,,,,,2026-09-24T10:57:36.758985
wallbox,2026-05-29T13:39:15,2026-05-29T18:20:12,4.04,1.5062822566292935,2.5337177433707065,prorata,WALLBOX_EXPORT,,,,,,2026-09-24T10:57:36.758881
wallbox,2026-05-30T08:31:29,2026-05-30T08:53:04,0.22,0.0,0.22,prorata,WALLBOX_EXPORT,,,,,,2026-09-24T10:57:36.758788
wallbox,2026-05-30T08:54:05,2026-05-30T09:00:33,0.07,0.0,0.07,prorata,WALLBOX_EXPORT,,,,,,2026-09-24T10:57:36.758700
wallbox,2026-05-30T09:01:35,2026-05-30T15:28:32,11.7,5.442563638713012,6.257436361286986,prorata,WALLBOX_EXPORT,,,,,,2026-09-24T10:57:36.758611
wallbox,2026-05-30T15:29:33,2026-05-30T17:00:32,2.68,0.0,2.68,prorata,WALLBOX_EXPORT,,,,,,2026-09-24T10:57:36.758520
wallbox,2026-05-31T09:57:34,2026-05-31T10:58:58,2.19,0.0,2.19,prorata,WALLBOX_EXPORT,,,,,,2026-09-24T10:57:36.758395
wallbox,2026-05-31T10:58:59,2026-05-31T11:01:54,0.16,0.0,0.16,prorata,WALLBOX_EXPORT,,,,,,2026-09-24T10:57:36.758296
wallbox,2026-05-31T11:02:56,2026-05-31T11:24:15,1.08,0.0,1.08,prorata,WALLBOX_EXPORT,,,,,,2026-09-24T10:57:36.758208
wallbox,2026-05-31T11:25:16,2026-05-31T11:31:26,0.57,0.0,0.57,prorata,WALLBOX_EXPORT,,,,,,2026-09-24T10:57:36.758126
wallbox,2026-05-31T11:32:27,2026-05-31T11:36:59,0.41,0.0,0.41,prorata,WALLBOX_EXPORT,,,,,,2026-09-24T10:57:36.758041
wallbox,2026-05-31T11:38:01,2026-05-31T11:51:12,1.21,0.0,1.21,prorata,WALLBOX_EXPORT,,,,,,2026-09-24T10:57:36.757929
wallbox,2026-05-31T16:33:26,2026-05-31T17:00:25,0.63,0.0,0.63,prorata,WALLBOX_EXPORT,,,,,,2026-09-24T10:57:36.757844
wallbox,2026-05-31T17:09:25,2026-05-31T17:27:59,0.82,0.0,0.82,prorata,WALLBOX_EXPORT,,,,,,2026-09-24T10:57:36.757761
wallbox,2026-05-31T17:29:01,2026-05-31T17:52:18,0.72,0.0,0.72,prorata,WALLBOX_EXPORT,,,,,,2026-09-24T10:57:36.757673
wallbox,2026-05-31T17:53:19,2026-05-31T17:58:29,0.21,0.0,0.21,prorata,WALLBOX_EXPORT,,,,,,2026-09-24T10:57:36.757584
wallbox,2026-06-01T06:17:22,2026-06-01T14:18:29,8.03,2.522188311913257,5.5078116880867425,prorata,WALLBOX_EXPORT,,,,,,2026-09-24T10:57:36.757502
wallbox,2026-06-01T14:19:30,2026-06-01T18:00:29,13.21,3.8556980164416625,9.354301983558338,prorata,WALLBOX_EXPORT,,,,,,2026-09-24T10:57:36.757418
wallbox,2026-06-01T18:25:31,2026-06-01T18:49:53,0.31,0.0,0.31,prorata,WALLBOX_EXPORT,,,,,,2026-09-24T10:57:36.757327
wallbox,2026-06-01T18:50:56,2026-06-01T19:50:24,0.6,0.0,0.6,prorata,WALLBOX_EXPORT,,,,,,2026-09-24T10:57:36.757244
wallbox,2026-06-01T19:51:25,2026-06-01T19:54:53,0.23,0.0,0.23,prorata,WALLBOX_EXPORT,,,,,,2026-09-24T10:57:36.757155
wallbox,2026-06-01T19:55:07,2026-06-01T19:56:31,0.07,0.0,0.07,prorata,WALLBOX_EXPORT,,,,,,2026-09-24T10:57:36.757055
wallbox,2026-06-01T19:57:34,2026-06-01T20:00:53,0.04,0.0,0.04,prorata,WALLBOX_EXPORT,,,,,,2026-09-24T10:57:36.756917
wallbox,2026-06-02T11:39:54,2026-06-02T14:46:11,11.7,8.930186991142525,2.7698130088574744,prorata,WALLBOX_EXPORT,,,,,,2026-09-24T10:57:36.756835
wallbox,2026-06-03T08:41:25,2026-06-03T10:51:46,2.12,0.0,2.12,prorata,WALLBOX_EXPORT,,,,,,2026-09-24T10:57:36.756753
wallbox,2026-06-03T10:52:47,2026-06-03T11:59:23,3.15,0.0,3.15,prorata,WALLBOX_EXPORT,,,,,,2026-09-24T10:57:36.756670
wallbox,2026-06-03T11:59:24,2026-06-03T12:00:41,0.08,0.0,0.08,prorata,WALLBOX_EXPORT,,,,,,2026-09-24T10:57:36.756581
wallbox,2026-06-03T12:01:44,2026-06-03T13:33:09,4.05,3.063527803099362,0.986472196900638,prorata,WALLBOX_EXPORT,,,,,,2026-09-24T10:57:36.756500
wallbox,2026-06-03T13:34:10,2026-06-03T15:00:43,3.78,3.78,0.0,prorata,WALLBOX_EXPORT,,,,,,2026-09-24T10:57:36.756417
wallbox,2026-06-03T15:01:44,2026-06-03T16:17:25,3.21,0.9444087205461351,2.2655912794538646,prorata,WALLBOX_EXPORT,,,,,,2026-09-24T10:57:36.756335
wallbox,2026-06-03T16:18:25,2026-06-03T16:23:54,0.16,0.0,0.16,prorata,WALLBOX_EXPORT,,,,,,2026-09-24T10:57:36.756253
wallbox,2026-06-03T16:24:58,2026-06-03T16:59:26,1.16,0.0,1.16,prorata,WALLBOX_EXPORT,,,,,,2026-09-24T10:57:36.756172
wallbox,2026-06-03T17:05:57,2026-06-03T17:22:58,0.46,0.0,0.46,prorata,WALLBOX_EXPORT,,,,,,2026-09-24T10:57:36.756090
wallbox,2026-06-03T17:27:56,2026-06-03T18:01:30,0.84,0.0,0.84,prorata,WALLBOX_EXPORT,,,,,,2026-09-24T10:57:36.755997
wallbox,2026-06-03T18:02:32,2026-06-03T18:06:02,0.08,0.0,0.08,prorata,WALLBOX_EXPORT,,,,,,2026-09-24T10:57:36.755909
wallbox,2026-06-03T18:07:03,2026-06-03T18:41:07,0.69,0.0,0.69,prorata,WALLBOX_EXPORT,,,,,,2026-09-24T10:57:36.755827
wallbox,2026-06-04T06:21:34,2026-06-04T08:34:34,0.0,0.0,0.0,prorata,WALLBOX_EXPORT,,,,,,2026-09-24T10:57:36.755746
wallbox,2026-06-04T08:35:34,2026-06-04T12:00:18,5.33,0.0,5.33,prorata,WALLBOX_EXPORT,,,,,,2026-09-24T10:57:36.755663
wallbox,2026-06-04T12:00:19,2026-06-04T12:02:26,0.13,0.0,0.13,prorata,WALLBOX_EXPORT,,,,,,2026-09-24T10:57:36.755581
wallbox,2026-06-04T12:03:28,2026-06-04T17:09:54,9.26,5.439356031763299,3.8206439682367015,prorata,WALLBOX_EXPORT,,,,,,2026-09-24T10:57:36.755481
wallbox,2026-06-04T17:13:27,2026-06-04T17:31:09,0.18,0.0,0.18,prorata,WALLBOX_EXPORT,,,,,,2026-09-24T10:57:36.755399
wallbox,2026-06-04T17:32:11,2026-06-04T17:39:40,0.08,0.0,0.08,prorata,WALLBOX_EXPORT,,,,,,2026-09-24T10:57:36.755317
wallbox,2026-06-04T17:40:41,2026-06-04T18:02:11,0.21,0.0,0.21,prorata,WALLBOX_EXPORT,,,,,,2026-09-24T10:57:36.755235
wallbox,2026-06-05T10:51:18,2026-06-05T11:29:48,1.62,0.0,1.62,prorata,WALLBOX_EXPORT,,,,,,2026-09-24T10:57:36.755150
wallbox,2026-06-05T11:30:50,2026-06-05T11:45:09,0.52,0.0,0.52,prorata,WALLBOX_EXPORT,,,,,,2026-09-24T10:57:36.755067
wallbox,2026-06-05T11:46:11,2026-06-05T17:55:09,14.36,7.005510886258921,7.354489113741078,prorata,WALLBOX_EXPORT,,,,,,2026-09-24T10:57:36.754966
wallbox,2026-06-05T19:00:10,2026-06-05T19:01:43,0.03,0.0,0.03,prorata,WALLBOX_EXPORT,,,,,,2026-09-24T10:57:36.754868
wallbox,2026-06-06T08:09:39,2026-06-06T08:15:11,0.48,0.0,0.48,prorata,WALLBOX_EXPORT,,,,,,2026-09-24T10:57:36.754776
wallbox,2026-06-06T08:15:13,2026-06-06T08:17:20,0.1,0.0,0.1,prorata,WALLBOX_EXPORT,,,,,,2026-09-24T10:57:36.754695
wallbox,2026-06-06T08:18:22,2026-06-06T08:22:39,0.47,0.0,0.47,prorata,WALLBOX_EXPORT,,,,,,2026-09-24T10:57:36.754613
wallbox,2026-06-06T08:22:40,2026-06-06T08:31:29,0.41,0.0,0.41,prorata,WALLBOX_EXPORT,,,,,,2026-09-24T10:57:36.754532
wallbox,2026-06-06T08:31:30,2026-06-06T08:42:33,0.99,0.0,0.99,prorata,WALLBOX_EXPORT,,,,,,2026-09-24T10:57:36.754449
wallbox,2026-06-06T08:46:49,2026-06-06T09:05:52,0.56,0.0,0.56,prorata,WALLBOX_EXPORT,,,,,,2026-09-24T10:57:36.754368
wallbox,2026-06-06T09:06:53,2026-06-06T12:29:03,8.18,0.20433140972794725,7.975668590272052,prorata,WALLBOX_EXPORT,,,,,,2026-09-24T10:57:36.754285
wallbox,2026-06-06T12:41:53,2026-06-06T15:05:05,3.67,3.67,0.0,prorata,WALLBOX_EXPORT,,,,,,2026-09-24T10:57:36.754202
wallbox,2026-06-06T15:06:07,2026-06-06T17:27:49,5.42,0.6840343448600329,4.735965655139967,prorata,WALLBOX_EXPORT,,,,,,2026-09-24T10:57:36.754119
wallbox,2026-06-06T17:29:52,2026-06-06T17:30:19,0.01,0.0,0.01,prorata,WALLBOX_EXPORT,,,,,,2026-09-24T10:57:36.754035
wallbox,2026-06-06T17:31:20,2026-06-06T17:33:19,0.05,0.0,0.05,prorata,WALLBOX_EXPORT,,,,,,2026-09-24T10:57:36.753943
wallbox,2026-06-06T18:05:21,2026-06-06T19:18:40,1.47,0.0,1.47,prorata,WALLBOX_EXPORT,,,,,,2026-09-24T10:57:36.753861
wallbox,2026-06-07T08:08:32,2026-06-07T08:11:50,0.3,0.0,0.3,prorata,WALLBOX_EXPORT,,,,,,2026-09-24T10:57:36.753779
wallbox,2026-06-07T08:29:50,2026-06-07T08:35:07,0.1,0.0,0.1,prorata,WALLBOX_EXPORT,,,,,,2026-09-24T10:57:36.753678
wallbox,2026-06-07T08:36:09,2026-06-07T09:09:21,0.78,0.0,0.78,prorata,WALLBOX_EXPORT,,,,,,2026-09-24T10:57:36.753589
wallbox,2026-06-07T09:10:02,2026-06-07T09:11:08,0.04,0.0,0.04,prorata,WALLBOX_EXPORT,,,,,,2026-09-24T10:57:36.753501
wallbox,2026-06-07T09:12:10,2026-06-07T09:13:21,0.04,0.0,0.04,prorata,WALLBOX_EXPORT,,,,,,2026-09-24T10:57:36.753411
wallbox,2026-06-07T09:14:22,2026-06-07T12:18:23,8.27,0.0,8.27,prorata,WALLBOX_EXPORT,,,,,,2026-09-24T10:57:36.753323
wallbox,2026-06-07T16:13:21,2026-06-07T16:44:37,2.17,0.0,2.17,prorata,WALLBOX_EXPORT,,,,,,2026-09-24T10:57:36.753234
wallbox,2026-06-07T16:47:23,2026-06-07T17:22:00,0.95,0.0,0.95,prorata,WALLBOX_EXPORT,,,,,,2026-09-24T10:57:36.753134
wallbox,2026-06-07T17:22:56,2026-06-07T17:23:20,0.01,0.0,0.01,prorata,WALLBOX_EXPORT,,,,,,2026-09-24T10:57:36.753046
wallbox,2026-06-07T17:25:22,2026-06-07T18:29:21,4.78,0.0,4.78,prorata,WALLBOX_EXPORT,,,,,,2026-09-24T10:57:36.752946
wallbox,2026-06-07T19:00:23,2026-06-07T19:30:21,0.4,0.0,0.4,prorata,WALLBOX_EXPORT,,,,,,2026-09-24T10:57:36.752858
wallbox,2026-06-07T19:33:22,2026-06-07T21:36:36,0.01,0.0,0.01,prorata,WALLBOX_EXPORT,,,,,,2026-09-24T10:57:36.752775
wallbox,2026-06-07T21:37:38,2026-06-07T22:12:36,1.94,0.0,1.94,prorata,WALLBOX_EXPORT,,,,,,2026-09-24T10:57:36.752693
wallbox,2026-06-08T09:13:38,2026-06-08T16:11:28,15.79,6.802233745512565,8.987766254487434,prorata,WALLBOX_EXPORT,,,,,,2026-09-24T10:57:36.752604
wallbox,2026-06-08T16:12:29,2026-06-08T20:30:28,3.05,0.0,3.05,prorata,WALLBOX_EXPORT,,,,,,2026-09-24T10:57:36.752521
wallbox,2026-06-09T08:19:41,2026-06-09T19:21:17,16.7,4.5435308343409915,12.156469165659006,prorata,WALLBOX_EXPORT,,,,,,2026-09-24T10:57:36.752436
wallbox,2026-06-10T11:01:58,2026-06-10T18:24:49,13.67,5.556283165857514,8.113716834142485,prorata,WALLBOX_EXPORT,,,,,,2026-09-24T10:57:36.752352
wallbox,2026-06-11T06:17:58,2026-06-11T09:39:10,0.01,0.0017909211398277006,0.0082090788601723,prorata,WALLBOX_EXPORT,,,,,,2026-09-24T10:57:36.752260
wallbox,2026-06-11T09:40:11,2026-06-11T18:15:11,15.31,5.3510679611650485,9.95893203883495,prorata,WALLBOX_EXPORT,,,,,,2026-09-24T10:57:36.752177
wallbox,2026-06-11T18:19:11,2026-06-11T20:06:07,1.32,0.0,1.32,prorata,WALLBOX_EXPORT,,,,,,2026-09-24T10:57:36.752094
wallbox,2026-06-12T11:49:23,2026-06-12T17:02:00,14.82,8.533134296529296,6.286865703470705,prorata,WALLBOX_EXPORT,,,,,,2026-09-24T10:57:36.752002
wallbox,2026-06-12T17:02:23,2026-06-12T17:04:22,0.04,0.0,0.04,prorata,WALLBOX_EXPORT,,,,,,2026-09-24T10:57:36.751919
wallbox,2026-06-12T17:05:23,2026-06-12T19:11:35,3.01,0.0,3.01,prorata,WALLBOX_EXPORT,,,,,,2026-09-24T10:57:36.751830
wallbox,2026-06-13T07:51:37,2026-06-13T08:43:32,1.1,0.0,1.1,prorata,WALLBOX_EXPORT,,,,,,2026-09-24T10:57:36.751748
wallbox,2026-06-13T17:11:37,2026-06-13T19:30:54,2.91,0.0,2.91,prorata,WALLBOX_EXPORT,,,,,,2026-09-24T10:57:36.751666
wallbox,2026-06-14T08:07:52,2026-06-14T11:28:27,5.61,0.0,5.61,prorata,WALLBOX_EXPORT,,,,,,2026-09-24T10:57:36.751585
wallbox,2026-06-14T11:31:51,2026-06-14T15:12:41,8.46,6.462163018867925,1.997836981132076,prorata,WALLBOX_EXPORT,,,,,,2026-09-24T10:57:36.751503
wallbox,2026-06-14T15:12:47,2026-06-14T15:14:11,0.05,0.05,0.0,prorata,WALLBOX_EXPORT,,,,,,2026-09-24T10:57:36.751421
wallbox,2026-06-14T15:15:12,2026-06-14T15:17:43,0.09,0.09,0.0,prorata,WALLBOX_EXPORT,,,,,,2026-09-24T10:57:36.751325
wallbox,2026-06-14T15:18:44,2026-06-14T15:36:03,0.7,0.2128970163618864,0.48710298363811355,prorata,WALLBOX_EXPORT,,,,,,2026-09-24T10:57:36.751228
wallbox,2026-06-14T15:37:06,2026-06-14T17:22:03,3.71,0.0,3.71,prorata,WALLBOX_EXPORT,,,,,,2026-09-24T10:57:36.751139
wallbox,2026-06-14T19:00:04,2026-06-14T19:39:51,0.3,0.0,0.3,prorata,WALLBOX_EXPORT,,,,,,2026-09-24T10:57:36.751050
wallbox,2026-06-15T06:27:04,2026-06-15T14:22:44,3.34,1.022831114225648,2.3171688857743518,prorata,WALLBOX_EXPORT,,,,,,2026-09-24T10:57:36.750944
wallbox,2026-06-15T14:23:45,2026-06-15T16:09:27,4.37,2.490941343424787,1.879058656575213,prorata,WALLBOX_EXPORT,,,,,,2026-09-24T10:57:36.750861
wallbox,2026-06-15T16:10:29,2026-06-15T17:15:11,1.73,0.0,1.73,prorata,WALLBOX_EXPORT,,,,,,2026-09-24T10:57:36.750769
wallbox,2026-06-15T17:17:43,2026-06-15T17:19:27,0.03,0.0,0.03,prorata,WALLBOX_EXPORT,,,,,,2026-09-24T10:57:36.750681
wallbox,2026-06-16T09:09:37,2026-06-16T12:53:31,7.38,0.9729030817329165,6.407096918267084,prorata,WALLBOX_EXPORT,,,,,,2026-09-24T10:57:36.750588
wallbox,2026-06-16T12:53:42,2026-06-16T17:11:31,9.8,5.713129484776004,4.086870515223997,prorata,WALLBOX_EXPORT,,,,,,2026-09-24T10:57:36.750505
wallbox,2026-06-16T17:12:31,2026-06-16T17:13:35,0.01,0.0,0.01,prorata,WALLBOX_EXPORT,,,,,,2026-09-24T10:57:36.750405
wallbox,2026-06-16T17:15:36,2026-06-16T20:30:35,2.18,0.0,2.18,prorata,WALLBOX_EXPORT,,,,,,2026-09-24T10:57:36.750323
wallbox,2026-06-17T06:17:49,2026-06-17T17:11:28,5.91,1.9546293888166453,3.9553706111833553,prorata,WALLBOX_EXPORT,,,,,,2026-09-24T10:57:36.750241
wallbox,2026-06-18T06:25:02,2026-06-18T13:01:14,1.25,0.20885916203937405,1.041140837960626,prorata,WALLBOX_EXPORT,,,,,,2026-09-24T10:57:36.750158
wallbox,2026-06-18T13:02:14,2026-06-18T15:52:10,4.25,3.545557081208317,0.7044429187916832,prorata,WALLBOX_EXPORT,,,,,,2026-09-24T10:57:36.750075
wallbox,2026-06-18T16:54:00,2026-06-18T17:00:44,0.19,0.0,0.19,prorata,WALLBOX_EXPORT,,,,,,2026-09-24T10:57:36.749981
wallbox,2026-06-18T17:04:31,2026-06-18T17:04:58,0.0,0.0,0.0,prorata,WALLBOX_EXPORT,,,,,,2026-09-24T10:57:36.749900
wallbox,2026-06-18T17:06:01,2026-06-18T18:06:28,1.48,0.0,1.48,prorata,WALLBOX_EXPORT,,,,,,2026-09-24T10:57:36.749819
wallbox,2026-06-19T07:30:01,2026-06-19T07:35:09,0.1,0.0,0.1,prorata,WALLBOX_EXPORT,,,,,,2026-09-24T10:57:36.749733
wallbox,2026-06-19T07:36:10,2026-06-19T07:39:28,0.12,0.0,0.12,prorata,WALLBOX_EXPORT,,,,,,2026-09-24T10:57:36.749641
wallbox,2026-06-19T07:40:29,2026-06-19T12:49:28,15.2,1.2527968067317545,13.947203193268244,prorata,WALLBOX_EXPORT,,,,,,2026-09-24T10:57:36.749555
wallbox,2026-06-19T13:00:29,2026-06-19T16:02:28,9.4,7.413078120707024,1.9869218792929757,prorata,WALLBOX_EXPORT,,,,,,2026-09-24T10:57:36.749467
wallbox,2026-06-19T16:19:29,2026-06-19T18:57:28,9.43,0.0,9.43,prorata,WALLBOX_EXPORT,,,,,,2026-09-24T10:57:36.749375
wallbox,2026-06-19T19:00:30,2026-06-19T20:00:28,0.73,0.0,0.73,prorata,WALLBOX_EXPORT,,,,,,2026-09-24T10:57:36.749293
wallbox,2026-06-20T11:21:41,2026-06-20T19:31:16,13.91,5.114144680851064,8.795855319148936,prorata,WALLBOX_EXPORT,,,,,,2026-09-24T10:57:36.749204
wallbox,2026-06-21T11:05:55,2026-06-21T18:03:56,10.65,4.585941549380009,6.064058450619992,prorata,WALLBOX_EXPORT,,,,,,2026-09-24T10:57:36.749105
wallbox,2026-06-22T06:31:56,2026-06-22T07:50:09,0.0,0.0,0.0,prorata,WALLBOX_EXPORT,,,,,,2026-09-24T10:57:36.749004
wallbox,2026-06-22T07:51:10,2026-06-22T11:30:39,5.57,0.0,5.57,prorata,WALLBOX_EXPORT,,,,,,2026-09-24T10:57:36.748902
wallbox,2026-06-22T14:15:11,2026-06-22T17:03:11,2.03,0.8315347222222221,1.1984652777777778,prorata,WALLBOX_EXPORT,,,,,,2026-09-24T10:57:36.748820
wallbox,2026-06-23T12:05:25,2026-06-23T12:54:47,1.07,0.6672147197839299,0.4027852802160702,prorata,WALLBOX_EXPORT,,,,,,2026-09-24T10:57:36.748732
wallbox,2026-06-23T12:55:26,2026-06-23T15:19:12,8.65,8.65,0.0,prorata,WALLBOX_EXPORT,,,,,,2026-09-24T10:57:36.748650
wallbox,2026-06-23T15:22:41,2026-06-23T15:23:23,0.02,0.02,0.0,prorata,WALLBOX_EXPORT,,,,,,2026-09-24T10:57:36.748568
wallbox,2026-06-23T15:24:26,2026-06-23T16:39:23,2.07,0.0,2.07,prorata,WALLBOX_EXPORT,,,,,,2026-09-24T10:57:36.748486
wallbox,2026-06-23T19:00:25,2026-06-23T19:03:30,0.05,0.0,0.05,prorata,WALLBOX_EXPORT,,,,,,2026-09-24T10:57:36.748382
wallbox,2026-06-23T19:04:25,2026-06-23T19:06:24,0.08,0.0,0.08,prorata,WALLBOX_EXPORT,,,,,,2026-09-24T10:57:36.748300
wallbox,2026-06-23T19:07:24,2026-06-23T19:29:24,2.53,0.0,2.53,prorata,WALLBOX_EXPORT,,,,,,2026-09-24T10:57:36.748219
wallbox,2026-06-23T20:05:26,2026-06-23T20:24:24,2.19,0.0,2.19,prorata,WALLBOX_EXPORT,,,,,,2026-09-24T10:57:36.748138
wallbox,2026-06-23T21:25:26,2026-06-23T21:27:23,0.21,0.0,0.21,prorata,WALLBOX_EXPORT,,,,,,2026-09-24T10:57:36.748055
wallbox,2026-06-23T21:37:24,2026-06-24T06:00:23,7.5,3.6738294840783325,3.8261705159216675,prorata,WALLBOX_EXPORT,,,,,,2026-09-24T10:57:36.747957
wallbox,2026-06-24T07:39:27,2026-06-24T13:13:48,3.8,0.5659937191565724,3.234006280843427,prorata,WALLBOX_EXPORT,,,,,,2026-09-24T10:57:36.747863
wallbox,2026-06-24T13:14:49,2026-06-24T17:05:12,7.86,4.407354409317803,3.452645590682197,prorata,WALLBOX_EXPORT,,,,,,2026-09-24T10:57:36.747781
wallbox,2026-06-25T09:00:50,2026-06-25T12:58:16,5.47,0.7894370349571809,4.680562965042819,prorata,WALLBOX_EXPORT,,,,,,2026-09-24T10:57:36.747699
wallbox,2026-06-25T12:59:17,2026-06-25T13:11:14,0.47,0.47,0.0,prorata,WALLBOX_EXPORT,,,,,,2026-09-24T10:57:36.747616
wallbox,2026-06-25T13:12:15,2026-06-25T13:45:09,1.35,1.35,0.0,prorata,WALLBOX_EXPORT,,,,,,2026-09-24T10:57:36.747534
wallbox,2026-06-25T13:46:10,2026-06-25T15:05:11,3.4,3.4,0.0,prorata,WALLBOX_EXPORT,,,,,,2026-09-24T10:57:36.747451
wallbox,2026-06-25T16:55:10,2026-06-25T17:09:56,0.44,0.0,0.44,prorata,WALLBOX_EXPORT,,,,,,2026-09-24T10:57:36.747370
wallbox,2026-06-25T17:12:21,2026-06-25T19:38:07,1.4,0.0,1.4,prorata,WALLBOX_EXPORT,,,,,,2026-09-24T10:57:36.747288
wallbox,2026-06-26T09:55:51,2026-06-26T11:48:50,5.1,0.0,5.1,prorata,WALLBOX_EXPORT,,,,,,2026-09-24T10:57:36.747207
wallbox,2026-06-26T11:48:50,2026-06-26T11:49:44,0.2,0.0,0.2,prorata,WALLBOX_EXPORT,,,,,,2026-09-24T10:57:36.747125
wallbox,2026-06-26T11:50:46,2026-06-26T12:10:26,1.31,0.0,1.31,prorata,WALLBOX_EXPORT,,,,,,2026-09-24T10:57:36.747021
wallbox,2026-06-26T12:11:28,2026-06-26T12:26:19,0.78,0.1216835016835017,0.6583164983164983,prorata,WALLBOX_EXPORT,,,,,,2026-09-24T10:57:36.746931
wallbox,2026-06-26T12:27:20,2026-06-26T12:59:08,2.21,2.21,0.0,prorata,WALLBOX_EXPORT,,,,,,2026-09-24T10:57:36.746848
wallbox,2026-06-26T13:00:08,2026-06-26T15:19:08,8.2,8.2,0.0,prorata,WALLBOX_EXPORT,,,,,,2026-09-24T10:57:36.746766
wallbox,2026-06-26T16:01:10,2026-06-26T18:00:08,6.3,0.0,6.3,prorata,WALLBOX_EXPORT,,,,,,2026-09-24T10:57:36.746684
wallbox,2026-06-27T09:23:10,2026-06-27T12:59:23,15.61,2.554538657211131,13.055461342788867,prorata,WALLBOX_EXPORT,,,,,,2026-09-24T10:57:36.746602
wallbox,2026-06-27T13:00:25,2026-06-27T14:02:48,4.62,4.62,0.0,prorata,WALLBOX_EXPORT,,,,,,2026-09-24T10:57:36.746519
wallbox,2026-06-27T14:03:25,2026-06-27T14:05:23,0.02,0.02,0.0,prorata,WALLBOX_EXPORT,,,,,,2026-09-24T10:57:36.746436
wallbox,2026-06-27T14:07:23,2026-06-27T18:00:23,3.12,1.02593991416309,2.09406008583691,prorata,WALLBOX_EXPORT,,,,,,2026-09-24T10:57:36.746347
wallbox,2026-06-28T07:03:25,2026-06-28T08:27:19,2.63,0.0,2.63,prorata,WALLBOX_EXPORT,,,,,,2026-09-24T10:57:36.746265
wallbox,2026-06-28T08:33:45,2026-06-28T12:59:36,3.01,0.40306940003761516,2.606930599962385,prorata,WALLBOX_EXPORT,,,,,,2026-09-24T10:57:36.746183
wallbox,2026-06-28T13:00:37,2026-06-28T17:48:36,10.88,5.417017188494705,5.462982811505296,prorata,WALLBOX_EXPORT,,,,,,2026-09-24T10:57:36.746100
wallbox,2026-06-28T18:37:38,2026-06-28T19:00:37,0.34,0.0,0.34,prorata,WALLBOX_EXPORT,,,,,,2026-09-24T10:57:36.745998
wallbox,2026-06-29T10:51:24,2026-06-29T11:28:49,1.35,0.0,1.35,prorata,WALLBOX_EXPORT,,,,,,2026-09-24T10:57:36.745917
wallbox,2026-06-29T11:33:26,2026-06-29T14:48:44,6.36,4.713282130056324,1.6467178699436762,prorata,WALLBOX_EXPORT,,,,,,2026-09-24T10:57:36.745836
wallbox,2026-06-29T14:49:46,2026-06-29T19:00:45,5.98,0.8156530978152601,5.16434690218474,prorata,WALLBOX_EXPORT,,,,,,2026-09-24T10:57:36.745754
wallbox,2026-06-30T11:51:57,2026-06-30T15:03:16,5.93,4.936586810697795,0.993413189302204,prorata,WALLBOX_EXPORT,,,,,,2026-09-24T10:57:36.745671
wallbox,2026-06-30T15:04:18,2026-06-30T18:29:15,4.0,0.3844840204928031,3.615515979507197,prorata,WALLBOX_EXPORT,,,,,,2026-09-24T10:57:36.745589
wallbox,2026-06-30T18:30:18,2026-06-30T18:32:16,0.02,0.0,0.02,prorata,WALLBOX_EXPORT,,,,,,2026-09-24T10:57:36.745507
wallbox,2026-06-30T18:33:19,2026-06-30T19:00:17,0.26,0.0,0.26,prorata,WALLBOX_EXPORT,,,,,,2026-09-24T10:57:36.745425
wallbox,2026-07-01T10:07:18,2026-07-01T15:03:31,9.49,5.110492882462162,4.379507117537838,prorata,WALLBOX_EXPORT,,,,,,2026-09-24T10:57:36.745333
wallbox,2026-07-01T15:04:32,2026-07-01T16:39:30,3.5,0.7174447174447174,2.7825552825552826,prorata,WALLBOX_EXPORT,,,,,,2026-09-24T10:57:36.745243
wallbox,2026-07-01T17:24:31,2026-07-01T17:26:31,0.06,0.0,0.06,prorata,WALLBOX_EXPORT,,,,,,2026-09-24T10:57:36.745146
wallbox,2026-07-01T17:27:32,2026-07-01T19:00:30,1.1,0.0,1.1,prorata,WALLBOX_EXPORT,,,,,,2026-09-24T10:57:36.745063
wallbox,2026-07-02T07:34:21,2026-07-02T07:35:28,0.01,0.0,0.01,prorata,WALLBOX_EXPORT,,,,,,2026-09-24T10:57:36.744971
wallbox,2026-07-02T10:01:55,2026-07-02T15:24:42,21.26,11.855630712035937,9.404369287964064,prorata,WALLBOX_EXPORT,,,,,,2026-09-24T10:57:36.744888
wallbox,2026-07-02T15:24:56,2026-07-02T19:00:55,5.59,0.0,5.59,prorata,WALLBOX_EXPORT,,,,,,2026-09-24T10:57:36.744806
wallbox,2026-07-03T07:15:56,2026-07-03T07:29:46,0.36,0.0,0.36,prorata,WALLBOX_EXPORT,,,,,,2026-09-24T10:57:36.744725
wallbox,2026-07-03T09:51:55,2026-07-03T10:00:23,0.0,0.0,0.0,prorata,WALLBOX_EXPORT,,,,,,2026-09-24T10:57:36.744642
wallbox,2026-07-03T10:01:23,2026-07-03T16:03:29,12.79,6.35791217895609,6.432087821043909,prorata,WALLBOX_EXPORT,,,,,,2026-09-24T10:57:36.744559
wallbox,2026-07-03T16:04:31,2026-07-03T16:05:51,0.03,0.0,0.03,prorata,WALLBOX_EXPORT,,,,,,2026-09-24T10:57:36.744478
wallbox,2026-07-03T16:06:29,2026-07-03T16:08:30,0.07,0.0,0.07,prorata,WALLBOX_EXPORT,,,,,,2026-09-24T10:57:36.744394
wallbox,2026-07-03T16:55:31,2026-07-03T17:57:04,0.66,0.0,0.66,prorata,WALLBOX_EXPORT,,,,,,2026-09-24T10:57:36.744311
wallbox,2026-07-04T08:35:19,2026-07-04T10:19:56,1.07,0.0,1.07,prorata,WALLBOX_EXPORT,,,,,,2026-09-24T10:57:36.744229
wallbox,2026-07-04T10:55:20,2026-07-04T14:32:53,6.62,3.921892285298399,2.6981077147016013,prorata,WALLBOX_EXPORT,,,,,,2026-09-24T10:57:36.744148
wallbox,2026-07-04T15:39:40,2026-07-04T16:43:17,1.91,0.0,1.91,prorata,WALLBOX_EXPORT,,,,,,2026-09-24T10:57:36.744066
wallbox,2026-07-04T16:47:42,2026-07-04T19:00:40,3.69,0.0,3.69,prorata,WALLBOX_EXPORT,,,,,,2026-09-24T10:57:36.743974
wallbox,2026-07-04T19:03:41,2026-07-04T19:35:40,1.26,0.0,1.26,prorata,WALLBOX_EXPORT,,,,,,2026-09-24T10:57:36.743892
wallbox,2026-07-04T19:47:41,2026-07-04T20:27:41,4.67,0.0,4.67,prorata,WALLBOX_EXPORT,,,,,,2026-09-24T10:57:36.743811
wallbox,2026-07-04T20:57:41,2026-07-04T21:17:40,2.3,0.0,2.3,prorata,WALLBOX_EXPORT,,,,,,2026-09-24T10:57:36.743730
wallbox,2026-07-04T22:01:43,2026-07-04T22:11:40,1.13,0.0,1.13,prorata,WALLBOX_EXPORT,,,,,,2026-09-24T10:57:36.743648
wallbox,2026-07-05T07:25:42,2026-07-05T07:44:40,1.3,0.0,1.3,prorata,WALLBOX_EXPORT,,,,,,2026-09-24T10:57:36.743554
wallbox,2026-07-05T08:14:37,2026-07-05T08:30:09,0.12,0.0,0.12,prorata,WALLBOX_EXPORT,,,,,,2026-09-24T10:57:36.743466
wallbox,2026-07-05T08:30:24,2026-07-05T09:08:01,0.33,0.0,0.33,prorata,WALLBOX_EXPORT,,,,,,2026-09-24T10:57:36.743384
wallbox,2026-07-05T09:08:18,2026-07-05T09:09:24,0.05,0.0,0.05,prorata,WALLBOX_EXPORT,,,,,,2026-09-24T10:57:36.743297
wallbox,2026-07-05T09:09:42,2026-07-05T09:34:43,0.24,0.0,0.24,prorata,WALLBOX_EXPORT,,,,,,2026-09-24T10:57:36.743214
wallbox,2026-07-05T09:37:25,2026-07-05T09:39:40,0.02,0.0,0.02,prorata,WALLBOX_EXPORT,,,,,,2026-09-24T10:57:36.743126
wallbox,2026-07-05T09:39:47,2026-07-05T09:47:10,0.23,0.0,0.23,prorata,WALLBOX_EXPORT,,,,,,2026-09-24T10:57:36.743041
wallbox,2026-07-05T09:47:34,2026-07-05T09:51:35,0.18,0.0,0.18,prorata,WALLBOX_EXPORT,,,,,,2026-09-24T10:57:36.742945
wallbox,2026-07-05T09:51:50,2026-07-05T10:14:16,0.26,0.0,0.26,prorata,WALLBOX_EXPORT,,,,,,2026-09-24T10:57:36.742863
wallbox,2026-07-05T10:14:48,2026-07-05T10:21:13,0.44,0.0,0.44,prorata,WALLBOX_EXPORT,,,,,,2026-09-24T10:57:36.742783
wallbox,2026-07-05T10:22:14,2026-07-05T10:23:51,0.01,0.0,0.01,prorata,WALLBOX_EXPORT,,,,,,2026-09-24T10:57:36.742702
wallbox,2026-07-05T10:24:54,2026-07-05T10:26:52,0.05,0.0,0.05,prorata,WALLBOX_EXPORT,,,,,,2026-09-24T10:57:36.742621
wallbox,2026-07-05T10:27:54,2026-07-05T10:29:53,0.02,0.0,0.02,prorata,WALLBOX_EXPORT,,,,,,2026-09-24T10:57:36.742540
wallbox,2026-07-05T10:31:21,2026-07-05T10:32:22,0.02,0.0,0.02,prorata,WALLBOX_EXPORT,,,,,,2026-09-24T10:57:36.742458
wallbox,2026-07-05T10:34:22,2026-07-05T10:36:11,0.01,0.0,0.01,prorata,WALLBOX_EXPORT,,,,,,2026-09-24T10:57:36.742371
wallbox,2026-07-05T10:51:41,2026-07-05T10:52:46,0.01,0.0,0.01,prorata,WALLBOX_EXPORT,,,,,,2026-09-24T10:57:36.742290
wallbox,2026-07-05T10:53:14,2026-07-05T10:55:34,0.05,0.0,0.05,prorata,WALLBOX_EXPORT,,,,,,2026-09-24T10:57:36.742209
wallbox,2026-07-05T10:55:54,2026-07-05T11:02:08,0.09,0.0,0.09,prorata,WALLBOX_EXPORT,,,,,,2026-09-24T10:57:36.742128
wallbox,2026-07-05T11:03:09,2026-07-05T11:06:34,0.07,0.0,0.07,prorata,WALLBOX_EXPORT,,,,,,2026-09-24T10:57:36.742045
wallbox,2026-07-05T11:07:36,2026-07-05T11:12:35,0.06,0.0,0.06,prorata,WALLBOX_EXPORT,,,,,,2026-09-24T10:57:36.741954
wallbox,2026-07-05T11:13:39,2026-07-05T11:18:31,0.06,0.0,0.06,prorata,WALLBOX_EXPORT,,,,,,2026-09-24T10:57:36.741873
wallbox,2026-07-05T11:18:33,2026-07-05T11:19:47,0.06,0.0,0.06,prorata,WALLBOX_EXPORT,,,,,,2026-09-24T10:57:36.741789
wallbox,2026-07-05T11:19:51,2026-07-05T11:22:01,0.08,0.0,0.08,prorata,WALLBOX_EXPORT,,,,,,2026-09-24T10:57:36.741707
wallbox,2026-07-05T11:23:03,2026-07-05T11:24:48,0.11,0.0,0.11,prorata,WALLBOX_EXPORT,,,,,,2026-09-24T10:57:36.741626
wallbox,2026-07-05T11:25:43,2026-07-05T11:28:21,0.18,0.0,0.18,prorata,WALLBOX_EXPORT,,,,,,2026-09-24T10:57:36.741544
wallbox,2026-07-05T11:29:25,2026-07-05T14:51:45,7.19,5.250358319604613,1.9396416803953873,prorata,WALLBOX_EXPORT,,,,,,2026-09-24T10:57:36.741463
wallbox,2026-07-05T14:52:47,2026-07-05T16:12:45,3.05,1.190631513130471,1.8593684868695288,prorata,WALLBOX_EXPORT,,,,,,2026-09-24T10:57:36.741381
wallbox,2026-07-05T17:11:36,2026-07-05T17:12:45,0.04,0.0,0.04,prorata,WALLBOX_EXPORT,,,,,,2026-09-24T10:57:36.741298
wallbox,2026-07-05T17:29:46,2026-07-05T18:46:48,1.66,0.0,1.66,prorata,WALLBOX_EXPORT,,,,,,2026-09-24T10:57:36.741215
wallbox,2026-07-05T18:49:46,2026-07-05T19:25:44,2.43,0.0,2.43,prorata,WALLBOX_EXPORT,,,,,,2026-09-24T10:57:36.741096
wallbox,2026-07-05T20:33:46,2026-07-05T22:00:45,5.95,0.0,5.95,prorata,WALLBOX_EXPORT,,,,,,2026-09-24T10:57:36.741000
wallbox,2026-07-06T02:00:46,2026-07-06T06:00:45,4.57,4.57,0.0,prorata,WALLBOX_EXPORT,,,,,,2026-09-24T10:57:36.740903
wallbox,2026-07-06T06:41:46,2026-07-06T13:56:53,2.34,0.5653035584326043,1.7746964415673956,prorata,WALLBOX_EXPORT,,,,,,2026-09-24T10:57:36.740738
wallbox,2026-07-06T13:57:55,2026-07-06T14:07:19,0.8,0.8,0.0,prorata,WALLBOX_EXPORT,,,,,,2026-09-24T10:57:36.740576
wallbox,2026-07-06T14:07:20,2026-07-06T14:08:32,0.17,0.17,0.0,prorata,WALLBOX_EXPORT,,,,,,2026-09-24T10:57:36.740488
wallbox,2026-07-06T14:09:33,2026-07-06T14:13:03,0.15,0.15,0.0,prorata,WALLBOX_EXPORT,,,,,,2026-09-24T10:57:36.740406
wallbox,2026-07-06T14:14:03,2026-07-06T14:45:33,0.84,0.84,0.0,prorata,WALLBOX_EXPORT,,,,,,2026-09-24T10:57:36.740323
wallbox,2026-07-06T14:46:35,2026-07-06T15:01:06,0.4,0.4,0.0,prorata,WALLBOX_EXPORT,,,,,,2026-09-24T10:57:36.740240
wallbox,2026-07-06T15:02:05,2026-07-06T15:11:32,0.25,0.25,0.0,prorata,WALLBOX_EXPORT,,,,,,2026-09-24T10:57:36.740150
wallbox,2026-07-06T15:12:34,2026-07-06T16:31:04,1.84,0.26799150743099787,1.5720084925690023,prorata,WALLBOX_EXPORT,,,,,,2026-09-24T10:57:36.740065
wallbox,2026-07-06T16:31:05,2026-07-06T16:32:59,0.06,0.0,0.06,prorata,WALLBOX_EXPORT,,,,,,2026-09-24T10:57:36.739963
wallbox,2026-07-06T16:34:01,2026-07-06T16:36:28,0.07,0.0,0.07,prorata,WALLBOX_EXPORT,,,,,,2026-09-24T10:57:36.739882
wallbox,2026-07-06T16:37:29,2026-07-06T16:40:56,0.08,0.0,0.08,prorata,WALLBOX_EXPORT,,,,,,2026-09-24T10:57:36.739800
wallbox,2026-07-06T16:41:57,2026-07-06T16:57:25,0.42,0.0,0.42,prorata,WALLBOX_EXPORT,,,,,,2026-09-24T10:57:36.739717
wallbox,2026-07-06T16:58:27,2026-07-06T17:00:53,0.1,0.0,0.1,prorata,WALLBOX_EXPORT,,,,,,2026-09-24T10:57:36.739589
wallbox,2026-07-06T17:01:54,2026-07-06T20:00:54,1.84,0.0,1.84,prorata,WALLBOX_EXPORT,,,,,,2026-09-24T10:57:36.739491
wallbox,2026-07-07T10:38:00,2026-07-07T18:04:57,15.34,6.177872245217586,9.162127754782414,prorata,WALLBOX_EXPORT,,,,,,2026-09-24T10:57:36.739410
wallbox,2026-07-07T18:54:00,2026-07-07T19:57:42,7.24,0.0,7.24,prorata,WALLBOX_EXPORT,,,,,,2026-09-24T10:57:36.739328
wallbox,2026-07-08T08:01:00,2026-07-08T11:23:24,4.76,0.0,4.76,prorata,WALLBOX_EXPORT,,,,,,2026-09-24T10:57:36.739247
wallbox,2026-07-08T14:02:00,2026-07-08T16:33:39,6.24,3.374085064292779,2.865914935707221,prorata,WALLBOX_EXPORT,,,,,,2026-09-24T10:57:36.739166
wallbox,2026-07-08T16:34:40,2026-07-08T17:04:50,0.99,0.0,0.99,prorata,WALLBOX_EXPORT,,,,,,2026-09-24T10:57:36.739083
wallbox,2026-07-08T17:09:40,2026-07-08T17:24:06,0.36,0.0,0.36,prorata,WALLBOX_EXPORT,,,,,,2026-09-24T10:57:36.738992
wallbox,2026-07-08T17:24:40,2026-07-09T10:32:09,1.85,0.5401547470356373,1.309845252964363,prorata,WALLBOX_EXPORT,,,,,,2026-09-24T10:57:36.738907
wallbox,2026-07-09T10:33:11,2026-07-09T14:14:09,19.23,9.58599109971338,9.64400890028662,prorata,WALLBOX_EXPORT,,,,,,2026-09-24T10:57:36.738821
wallbox,2026-07-09T14:46:11,2026-07-09T20:00:09,10.49,1.2634998407474254,9.226500159252575,prorata,WALLBOX_EXPORT,,,,,,2026-09-24T10:57:36.738739
wallbox,2026-07-09T21:00:11,2026-07-09T21:03:49,0.06,0.0,0.06,prorata,WALLBOX_EXPORT,,,,,,2026-09-24T10:57:36.738657
wallbox,2026-07-10T08:49:15,2026-07-10T08:50:21,0.02,0.0,0.02,prorata,WALLBOX_EXPORT,,,,,,2026-09-24T10:57:36.738575
wallbox,2026-07-10T09:00:22,2026-07-10T17:44:31,13.33,4.577697224077077,8.752302775922923,prorata,WALLBOX_EXPORT,,,,,,2026-09-24T10:57:36.738493
wallbox,2026-07-10T17:47:22,2026-07-10T18:22:53,0.69,0.0,0.69,prorata,WALLBOX_EXPORT,,,,,,2026-09-24T10:57:36.738404
wallbox,2026-07-10T18:23:55,2026-07-10T20:30:42,0.64,0.0,0.64,prorata,WALLBOX_EXPORT,,,,,,2026-09-24T10:57:36.738323
wallbox,2026-07-11T08:13:54,2026-07-11T08:49:08,1.08,0.0,1.08,prorata,WALLBOX_EXPORT,,,,,,2026-09-24T10:57:36.738242
wallbox,2026-07-11T08:49:55,2026-07-11T17:43:53,21.41,7.2173044509644795,14.192695549035522,prorata,WALLBOX_EXPORT,,,,,,2026-09-24T10:57:36.738161
wallbox,2026-07-11T17:49:54,2026-07-11T18:23:06,0.65,0.0,0.65,prorata,WALLBOX_EXPORT,,,,,,2026-09-24T10:57:36.738079
wallbox,2026-07-11T18:24:07,2026-07-11T20:21:06,11.35,0.0,11.35,prorata,WALLBOX_EXPORT,,,,,,2026-09-24T10:57:36.737988
wallbox,2026-07-12T02:00:08,2026-07-12T09:30:07,13.19,8.613877551020407,4.576122448979592,prorata,WALLBOX_EXPORT,,,,,,2026-09-24T10:57:36.737907
wallbox,2026-07-12T09:43:08,2026-07-13T07:50:19,14.3,5.171855182027101,9.1281448179729,prorata,WALLBOX_EXPORT,,,,,,2026-09-24T10:57:36.737824
wallbox,2026-07-13T10:00:20,2026-07-14T07:50:32,0.1,0.036635628148374295,0.06336437185162572,prorata,WALLBOX_EXPORT,,,,,,2026-09-24T10:57:36.737737
wallbox,2026-07-14T12:47:33,2026-07-14T15:59:32,22.57,18.39262001909888,4.1773799809011205,prorata,WALLBOX_EXPORT,,,,,,2026-09-24T10:57:36.737651
wallbox,2026-07-14T16:51:33,2026-07-14T18:23:45,10.82,0.0,10.82,prorata,WALLBOX_EXPORT,,,,,,2026-09-24T10:57:36.737569
wallbox,2026-07-14T18:24:46,2026-07-14T20:53:06,6.61,0.0,6.61,prorata,WALLBOX_EXPORT,,,,,,2026-09-24T10:57:36.737489
wallbox,2026-07-15T03:00:47,2026-07-15T04:33:45,10.91,10.91,0.0,prorata,WALLBOX_EXPORT,,,,,,2026-09-24T10:57:36.737407
wallbox,2026-07-15T05:00:46,2026-07-15T05:29:45,3.34,3.34,0.0,prorata,WALLBOX_EXPORT,,,,,,2026-09-24T10:57:36.737325
wallbox,2026-07-16T12:00:28,2026-07-16T15:00:27,10.83,9.413946661727937,1.4160533382720624,prorata,WALLBOX_EXPORT,,,,,,2026-09-24T10:57:36.737243
wallbox,2026-07-16T15:03:28,2026-07-16T16:50:54,5.88,1.1238225255972696,4.7561774744027305,prorata,WALLBOX_EXPORT,,,,,,2026-09-24T10:57:36.737161
wallbox,2026-07-16T16:51:55,2026-07-16T17:36:44,0.87,0.0,0.87,prorata,WALLBOX_EXPORT,,,,,,2026-09-24T10:57:36.737078
wallbox,2026-07-17T10:00:57,2026-07-17T16:44:48,8.51,3.7929924476909744,4.717007552309025,prorata,WALLBOX_EXPORT,,,,,,2026-09-24T10:57:36.736985
wallbox,2026-07-17T16:46:51,2026-07-17T16:47:55,0.03,0.0,0.03,prorata,WALLBOX_EXPORT,,,,,,2026-09-24T10:57:36.736903
wallbox,2026-07-17T16:48:56,2026-07-17T16:51:19,0.06,0.0,0.06,prorata,WALLBOX_EXPORT,,,,,,2026-09-24T10:57:36.736823
wallbox,2026-07-17T16:52:21,2026-07-17T20:30:19,0.52,0.0,0.52,prorata,WALLBOX_EXPORT,,,,,,2026-09-24T10:57:36.736728
wallbox,2026-07-18T09:02:39,2026-07-18T09:04:08,0.01,0.0,0.01,prorata,WALLBOX_EXPORT,,,,,,2026-09-24T10:57:36.736632
wallbox,2026-07-18T11:00:09,2026-07-18T14:31:07,14.51,8.742911202401642,5.767088797598357,prorata,WALLBOX_EXPORT,,,,,,2026-09-24T10:57:36.736550
wallbox,2026-07-18T14:46:09,2026-07-18T16:20:44,7.6,3.041339207048458,4.5586607929515415,prorata,WALLBOX_EXPORT,,,,,,2026-09-24T10:57:36.736448
wallbox,2026-07-18T16:23:35,2026-07-18T19:32:44,1.46,0.0,1.46,prorata,WALLBOX_EXPORT,,,,,,2026-09-24T10:57:36.736363
wallbox,2026-07-19T12:00:52,2026-07-19T13:49:52,5.41,4.261822629969419,1.1481773700305813,prorata,WALLBOX_EXPORT,,,,,,2026-09-24T10:57:36.736283
wallbox,2026-07-19T13:50:54,2026-07-19T18:00:52,14.89,5.545775436724897,9.344224563275104,prorata,WALLBOX_EXPORT,,,,,,2026-09-24T10:57:36.736191
wallbox,2026-07-20T09:00:54,2026-07-20T14:18:48,3.72,1.3433658383139353,2.376634161686065,prorata,WALLBOX_EXPORT,,,,,,2026-09-24T10:57:36.736101
wallbox,2026-07-20T17:07:14,2026-07-20T19:51:41,4.07,0.0,4.07,prorata,WALLBOX_EXPORT,,,,,,2026-09-24T10:57:36.736001
wallbox,2026-07-21T13:15:13,2026-07-21T14:16:25,2.29,2.29,0.0,prorata,WALLBOX_EXPORT,,,,,,2026-09-24T10:57:36.735909
wallbox,2026-07-21T14:17:26,2026-07-21T18:00:26,18.23,5.441750373692078,12.788249626307923,prorata,WALLBOX_EXPORT,,,,,,2026-09-24T10:57:36.735828
wallbox,2026-07-22T14:05:26,2026-07-22T14:16:38,0.39,0.39,0.0,prorata,WALLBOX_EXPORT,,,,,,2026-09-24T10:57:36.735746
wallbox,2026-07-22T14:17:39,2026-07-22T14:33:54,0.62,0.62,0.0,prorata,WALLBOX_EXPORT,,,,,,2026-09-24T10:57:36.735665
wallbox,2026-07-22T14:34:55,2026-07-22T14:48:23,0.44,0.44,0.0,prorata,WALLBOX_EXPORT,,,,,,2026-09-24T10:57:36.735583
wallbox,2026-07-22T14:49:26,2026-07-22T14:52:14,0.08,0.08,0.0,prorata,WALLBOX_EXPORT,,,,,,2026-09-24T10:57:36.735502
wallbox,2026-07-22T14:53:16,2026-07-22T14:55:10,0.03,0.03,0.0,prorata,WALLBOX_EXPORT,,,,,,2026-09-24T10:57:36.735419
wallbox,2026-07-22T14:56:12,2026-07-22T18:19:00,4.51,0.6182347140039448,3.8917652859960548,prorata,WALLBOX_EXPORT,,,,,,2026-09-24T10:57:36.735337
wallbox,2026-07-23T13:15:57,2026-07-23T20:02:01,10.84,3.418310622229519,7.421689377770481,prorata,WALLBOX_EXPORT,,,,,,2026-09-24T10:57:36.735256
wallbox,2026-07-24T10:00:57,2026-07-24T10:51:42,0.51,0.0,0.51,prorata,WALLBOX_EXPORT,,,,,,2026-09-24T10:57:36.735175
wallbox,2026-07-24T10:52:44,2026-07-24T13:43:04,4.7,2.181682974559687,2.518317025440313,prorata,WALLBOX_EXPORT,,,,,,2026-09-24T10:57:36.735093
wallbox,2026-07-24T16:37:44,2026-07-24T16:55:42,0.4,0.0,0.4,prorata,WALLBOX_EXPORT,,,,,,2026-09-24T10:57:36.734977
wallbox,2026-07-24T16:56:43,2026-07-24T18:01:55,0.84,0.0,0.84,prorata,WALLBOX_EXPORT,,,,,,2026-09-24T10:57:36.734873
wallbox,2026-07-24T18:04:24,2026-07-24T18:06:36,0.04,0.0,0.04,prorata,WALLBOX_EXPORT,,,,,,2026-09-24T10:57:36.734792
wallbox,2026-07-24T18:07:37,2026-07-24T18:45:49,0.39,0.0,0.39,prorata,WALLBOX_EXPORT,,,,,,2026-09-24T10:57:36.734710
wallbox,2026-07-25T13:37:08,2026-07-25T19:42:48,7.47,2.1831194165907015,5.286880583409298,prorata,WALLBOX_EXPORT,,,,,,2026-09-24T10:57:36.734630
wallbox,2026-07-26T11:33:05,2026-07-26T12:52:19,3.28,1.1722170803533867,2.1077829196466134,prorata,WALLBOX_EXPORT,,,,,,2026-09-24T10:57:36.734548
wallbox,2026-07-26T12:53:21,2026-07-26T17:42:25,5.63,2.9341311116236164,2.6958688883763835,prorata,WALLBOX_EXPORT,,,,,,2026-09-24T10:57:36.734467
wallbox,2026-07-26T19:11:21,2026-07-26T19:43:19,3.71,0.0,3.71,prorata,WALLBOX_EXPORT,,,,,,2026-09-24T10:57:36.734385
wallbox,2026-07-26T20:03:20,2026-07-26T20:46:18,4.85,0.0,4.85,prorata,WALLBOX_EXPORT,,,,,,2026-09-24T10:57:36.734304
wallbox,2026-07-27T00:00:19,2026-07-27T00:11:20,1.25,0.0,1.25,prorata,WALLBOX_EXPORT,,,,,,2026-09-24T10:57:36.734222
wallbox,2026-07-27T09:00:20,2026-07-27T12:52:31,4.28,0.5256679348216209,3.7543320651783794,prorata,WALLBOX_EXPORT,,,,,,2026-09-24T10:57:36.734140
wallbox,2026-07-27T12:53:33,2026-07-27T17:17:15,9.92,5.659704209328782,4.2602957906712176,prorata,WALLBOX_EXPORT,,,,,,2026-09-24T10:57:36.734056
wallbox,2026-07-28T12:41:33,2026-07-28T12:52:44,1.04,1.04,0.0,prorata,WALLBOX_EXPORT,,,,,,2026-09-24T10:57:36.733940
wallbox,2026-07-28T12:53:45,2026-07-28T15:58:21,21.09,17.165614842903576,3.924385157096425,prorata,WALLBOX_EXPORT,,,,,,2026-09-24T10:57:36.733859
wallbox,2026-07-28T15:59:22,2026-07-28T16:03:21,0.41,0.0,0.41,prorata,WALLBOX_EXPORT,,,,,,2026-09-24T10:57:36.733777
wallbox,2026-07-28T16:07:22,2026-07-28T16:11:22,0.15,0.0,0.15,prorata,WALLBOX_EXPORT,,,,,,2026-09-24T10:57:36.733693
wallbox,2026-07-28T16:12:24,2026-07-28T19:18:34,6.62,0.0,6.62,prorata,WALLBOX_EXPORT,,,,,,2026-09-24T10:57:36.733612
wallbox,2026-07-29T10:00:23,2026-07-29T17:14:41,3.4,1.4091641722311765,1.9908358277688234,prorata,WALLBOX_EXPORT,,,,,,2026-09-24T10:57:36.733530
wallbox,2026-07-29T17:19:38,2026-07-29T19:58:42,1.79,0.0,1.79,prorata,WALLBOX_EXPORT,,,,,,2026-09-24T10:57:36.733447
wallbox,2026-07-30T11:03:38,2026-07-30T16:11:48,12.08,7.0559221200649,5.0240778799351,prorata,WALLBOX_EXPORT,,,,,,2026-09-24T10:57:36.733352
wallbox,2026-07-30T16:12:50,2026-07-30T16:44:09,0.91,0.0,0.91,prorata,WALLBOX_EXPORT,,,,,,2026-09-24T10:57:36.733268
wallbox,2026-07-30T16:45:10,2026-07-30T22:00:09,2.43,0.0,2.43,prorata,WALLBOX_EXPORT,,,,,,2026-09-24T10:57:36.733188
wallbox,2026-07-31T13:00:08,2026-07-31T13:54:08,2.33,2.33,0.0,prorata,WALLBOX_EXPORT,,,,,,2026-09-24T10:57:36.733106
wallbox,2026-07-31T14:00:11,2026-07-31T16:44:23,4.0,2.04181892001624,1.9581810799837598,prorata,WALLBOX_EXPORT,,,,,,2026-09-24T10:57:36.732988
wallbox,2026-07-31T16:45:24,2026-07-31T16:51:07,0.1,0.0,0.1,prorata,WALLBOX_EXPORT,,,,,,2026-09-24T10:57:36.732908
wallbox,2026-08-01T09:59:25,2026-08-01T13:41:36,7.46,2.6054879603930687,4.854512039606932,prorata,WALLBOX_EXPORT,,,,,,2026-09-24T10:57:36.732827
wallbox,2026-08-01T13:43:38,2026-08-01T15:36:23,7.61,6.77419364375462,0.8358063562453809,prorata,WALLBOX_EXPORT,,,,,,2026-09-24T10:57:36.732745
wallbox,2026-08-01T15:36:24,2026-08-01T15:42:21,0.07,0.0,0.07,prorata,WALLBOX_EXPORT,,,,,,2026-09-24T10:57:36.732663
wallbox,2026-08-01T15:43:06,2026-08-01T16:02:43,0.18,0.0,0.18,prorata,WALLBOX_EXPORT,,,,,,2026-09-24T10:57:36.732583
wallbox,2026-08-01T16:03:24,2026-08-01T16:20:45,0.92,0.0,0.92,prorata,WALLBOX_EXPORT,,,,,,2026-09-24T10:57:36.732502
wallbox,2026-08-01T16:20:47,2026-08-01T17:45:22,0.55,0.0,0.55,prorata,WALLBOX_EXPORT,,,,,,2026-09-24T10:57:36.732407
wallbox,2026-08-02T11:23:24,2026-08-02T13:23:29,5.43,2.6897529493407353,2.7402470506592644,prorata,WALLBOX_EXPORT,,,,,,2026-09-24T10:57:36.732232
wallbox,2026-08-02T13:27:24,2026-08-02T17:20:47,4.33,2.1632992930086408,2.1667007069913593,prorata,WALLBOX_EXPORT,,,,,,2026-09-24T10:57:36.732143
wallbox,2026-08-03T12:27:38,2026-08-03T13:21:36,4.61,4.61,0.0,prorata,WALLBOX_EXPORT,,,,,,2026-09-24T10:57:36.732049
wallbox,2026-08-03T13:22:39,2026-08-03T15:46:14,12.7,10.733453279164246,1.966546720835752,prorata,WALLBOX_EXPORT,,,,,,2026-09-24T10:57:36.731938
wallbox,2026-08-03T15:46:53,2026-08-03T15:51:22,0.08,0.0,0.08,prorata,WALLBOX_EXPORT,,,,,,2026-09-24T10:57:36.731849
wallbox,2026-08-03T15:52:23,2026-08-03T15:59:15,0.15,0.0,0.15,prorata,WALLBOX_EXPORT,,,,,,2026-09-24T10:57:36.731753
wallbox,2026-08-03T15:59:27,2026-08-03T16:01:16,0.1,0.0,0.1,prorata,WALLBOX_EXPORT,,,,,,2026-09-24T10:57:36.731672
wallbox,2026-08-03T16:01:21,2026-08-03T16:05:55,0.24,0.0,0.24,prorata,WALLBOX_EXPORT,,,,,,2026-09-24T10:57:36.731591
wallbox,2026-08-03T16:06:57,2026-08-03T16:14:26,0.18,0.0,0.18,prorata,WALLBOX_EXPORT,,,,,,2026-09-24T10:57:36.731510
wallbox,2026-08-03T16:14:49,2026-08-03T16:16:56,0.06,0.0,0.06,prorata,WALLBOX_EXPORT,,,,,,2026-09-24T10:57:36.731420
wallbox,2026-08-03T16:17:41,2026-08-03T16:19:08,0.04,0.0,0.04,prorata,WALLBOX_EXPORT,,,,,,2026-09-24T10:57:36.731340
wallbox,2026-08-03T16:19:31,2026-08-03T16:21:16,0.08,0.0,0.08,prorata,WALLBOX_EXPORT,,,,,,2026-09-24T10:57:36.731258
wallbox,2026-08-03T16:22:17,2026-08-03T16:28:41,0.3,0.0,0.3,prorata,WALLBOX_EXPORT,,,,,,2026-09-24T10:57:36.731178
wallbox,2026-08-03T16:29:41,2026-08-03T16:31:23,0.16,0.0,0.16,prorata,WALLBOX_EXPORT,,,,,,2026-09-24T10:57:36.731097
wallbox,2026-08-03T16:31:43,2026-08-03T16:32:50,0.04,0.0,0.04,prorata,WALLBOX_EXPORT,,,,,,2026-09-24T10:57:36.731013
wallbox,2026-08-03T16:32:57,2026-08-03T16:34:43,0.08,0.0,0.08,prorata,WALLBOX_EXPORT,,,,,,2026-09-24T10:57:36.730922
wallbox,2026-08-03T16:35:24,2026-08-03T16:37:12,0.08,0.0,0.08,prorata,WALLBOX_EXPORT,,,,,,2026-09-24T10:57:36.730841
wallbox,2026-08-03T16:37:52,2026-08-03T16:39:43,0.07,0.0,0.07,prorata,WALLBOX_EXPORT,,,,,,2026-09-24T10:57:36.730760
wallbox,2026-08-03T16:39:57,2026-08-03T16:48:08,0.53,0.0,0.53,prorata,WALLBOX_EXPORT,,,,,,2026-09-24T10:57:36.730679
wallbox,2026-08-03T16:48:30,2026-08-03T16:49:32,0.02,0.0,0.02,prorata,WALLBOX_EXPORT,,,,,,2026-09-24T10:57:36.730598
wallbox,2026-08-03T16:50:36,2026-08-03T16:53:19,0.1,0.0,0.1,prorata,WALLBOX_EXPORT,,,,,,2026-09-24T10:57:36.730518
wallbox,2026-08-03T16:54:21,2026-08-03T16:57:27,0.11,0.0,0.11,prorata,WALLBOX_EXPORT,,,,,,2026-09-24T10:57:36.730437
wallbox,2026-08-03T16:58:28,2026-08-03T17:43:27,1.49,0.0,1.49,prorata,WALLBOX_EXPORT,,,,,,2026-09-24T10:57:36.730356
wallbox,2026-08-03T19:00:28,2026-08-03T19:55:27,3.82,0.0,3.82,prorata,WALLBOX_EXPORT,,,,,,2026-09-24T10:57:36.730275
wallbox,2026-08-04T13:51:28,2026-08-04T16:57:40,6.26,3.110948800572861,3.149051199427139,prorata,WALLBOX_EXPORT,,,,,,2026-09-24T10:57:36.730194
wallbox,2026-08-04T16:58:43,2026-08-04T18:38:43,1.38,0.0,1.38,prorata,WALLBOX_EXPORT,,,,,,2026-09-24T10:57:36.730112
wallbox,2026-08-04T18:43:42,2026-08-04T19:27:46,0.15,0.0,0.15,prorata,WALLBOX_EXPORT,,,,,,2026-09-24T10:57:36.730029
wallbox,2026-08-04T22:09:42,2026-08-05T06:00:44,5.26,2.7552558205364095,2.5047441794635903,prorata,WALLBOX_EXPORT,,,,,,2026-09-24T10:57:36.729939
wallbox,2026-08-05T11:00:42,2026-08-05T13:32:48,6.61,2.989927679158449,3.6200723208415515,prorata,WALLBOX_EXPORT,,,,,,2026-09-24T10:57:36.729845
wallbox,2026-08-05T13:33:49,2026-08-05T16:36:47,14.67,8.83433867735471,5.835661322645291,prorata,WALLBOX_EXPORT,,,,,,2026-09-24T10:57:36.729763
wallbox,2026-08-05T17:00:47,2026-08-05T17:21:48,1.19,0.0,1.19,prorata,WALLBOX_EXPORT,,,,,,2026-09-24T10:57:36.729681
wallbox,2026-08-05T17:30:48,2026-08-05T18:00:48,1.27,0.0,1.27,prorata,WALLBOX_EXPORT,,,,,,2026-09-24T10:57:36.729600
wallbox,2026-08-05T18:38:41,2026-08-05T18:39:47,0.02,0.0,0.02,prorata,WALLBOX_EXPORT,,,,,,2026-09-24T10:57:36.729519
wallbox,2026-08-05T19:39:49,2026-08-05T21:20:39,5.96,0.0,5.96,prorata,WALLBOX_EXPORT,,,,,,2026-09-24T10:57:36.729439
wallbox,2026-08-06T10:30:50,2026-08-06T12:52:26,4.49,0.9015936911487759,3.5884063088512246,prorata,WALLBOX_EXPORT,,,,,,2026-09-24T10:57:36.729358
wallbox,2026-08-06T12:53:29,2026-08-06T17:04:28,9.86,5.913119065010957,3.9468809349890432,prorata,WALLBOX_EXPORT,,,,,,2026-09-24T10:57:36.729275
wallbox,2026-08-06T17:09:27,2026-08-06T17:15:05,0.14,0.0,0.14,prorata,WALLBOX_EXPORT,,,,,,2026-09-24T10:57:36.729194
wallbox,2026-08-06T18:07:28,2026-08-06T19:17:13,0.82,0.0,0.82,prorata,WALLBOX_EXPORT,,,,,,2026-09-24T10:57:36.729112
wallbox,2026-08-07T13:15:56,2026-08-07T18:37:55,9.72,3.8660634608416586,5.853936539158342,prorata,WALLBOX_EXPORT,,,,,,2026-09-24T10:57:36.729029
wallbox,2026-08-08T11:52:01,2026-08-08T13:10:24,5.18,3.0663661492664254,2.1136338507335743,prorata,WALLBOX_EXPORT,,,,,,2026-09-24T10:57:36.728937
wallbox,2026-08-08T13:13:59,2026-08-08T13:18:38,0.05,0.05,0.0,prorata,WALLBOX_EXPORT,,,,,,2026-09-24T10:57:36.728826
wallbox,2026-08-08T13:19:41,2026-08-08T17:00:39,7.0,3.9382259767687438,3.0617740232312562,prorata,WALLBOX_EXPORT,,,,,,2026-09-24T10:57:36.728744
wallbox,2026-08-09T11:25:41,2026-08-09T13:10:01,8.81,3.885688498402556,4.924311501597445,prorata,WALLBOX_EXPORT,,,,,,2026-09-24T10:57:36.728663
wallbox,2026-08-09T17:57:52,2026-08-09T18:59:25,0.68,0.0,0.68,prorata,WALLBOX_EXPORT,,,,,,2026-09-24T10:57:36.728581
wallbox,2026-08-10T10:00:50,2026-08-10T10:20:56,0.52,0.0,0.52,prorata,WALLBOX_EXPORT,,,,,,2026-09-24T10:57:36.728500
wallbox,2026-08-10T10:23:51,2026-08-10T10:49:50,2.54,0.0,2.54,prorata,WALLBOX_EXPORT,,,,,,2026-09-24T10:57:36.728418
wallbox,2026-08-10T11:00:52,2026-08-10T13:23:46,4.32,1.8068019594121765,2.513198040587824,prorata,WALLBOX_EXPORT,,,,,,2026-09-24T10:57:36.728335
wallbox,2026-08-10T13:24:04,2026-08-10T18:43:17,9.25,3.4753302354722497,5.77466976452775,prorata,WALLBOX_EXPORT,,,,,,2026-09-24T10:57:36.728254
wallbox,2026-08-11T15:32:40,2026-08-11T15:35:58,0.33,0.0,0.33,prorata,WALLBOX_EXPORT,,,,,,2026-09-24T10:57:36.728173
wallbox,2026-08-11T15:37:59,2026-08-11T15:43:07,0.57,0.0,0.57,prorata,WALLBOX_EXPORT,,,,,,2026-09-24T10:57:36.728091
wallbox,2026-08-11T15:44:08,2026-08-11T15:51:02,0.78,0.0,0.78,prorata,WALLBOX_EXPORT,,,,,,2026-09-24T10:57:36.728000
wallbox,2026-08-11T15:51:03,2026-08-11T15:55:04,0.41,0.0,0.41,prorata,WALLBOX_EXPORT,,,,,,2026-09-24T10:57:36.727920
wallbox,2026-08-11T15:56:06,2026-08-11T16:18:16,0.42,0.0,0.42,prorata,WALLBOX_EXPORT,,,,,,2026-09-24T10:57:36.727837
wallbox,2026-08-11T16:19:17,2026-08-11T16:28:34,0.18,0.0,0.18,prorata,WALLBOX_EXPORT,,,,,,2026-09-24T10:57:36.727746
wallbox,2026-08-11T16:28:57,2026-08-11T16:30:02,0.08,0.0,0.08,prorata,WALLBOX_EXPORT,,,,,,2026-09-24T10:57:36.727666
wallbox,2026-08-11T16:30:46,2026-08-11T16:36:49,0.67,0.0,0.67,prorata,WALLBOX_EXPORT,,,,,,2026-09-24T10:57:36.727584
wallbox,2026-08-11T16:37:11,2026-08-11T19:03:48,6.34,0.0,6.34,prorata,WALLBOX_EXPORT,,,,,,2026-09-24T10:57:36.727504
wallbox,2026-08-12T11:49:28,2026-08-12T13:04:44,3.46,1.872506643046944,1.587493356953056,prorata,WALLBOX_EXPORT,,,,,,2026-09-24T10:57:36.727423
wallbox,2026-08-12T13:05:32,2026-08-12T16:33:07,4.77,3.181787234042553,1.5882127659574465,prorata,WALLBOX_EXPORT,,,,,,2026-09-24T10:57:36.727342
wallbox,2026-08-13T11:29:51,2026-08-13T13:01:42,3.07,1.2600870985302122,1.8099129014697874,prorata,WALLBOX_EXPORT,,,,,,2026-09-24T10:57:36.727261
wallbox,2026-08-13T13:17:52,2026-08-13T14:51:23,3.51,3.51,0.0,prorata,WALLBOX_EXPORT,,,,,,2026-09-24T10:57:36.727180
wallbox,2026-08-13T14:52:26,2026-08-13T19:06:24,5.92,0.7358235988974932,5.184176401102507,prorata,WALLBOX_EXPORT,,,,,,2026-09-24T10:57:36.727098
wallbox,2026-08-14T03:00:24,2026-08-14T04:00:25,0.45,0.45,0.0,prorata,WALLBOX_EXPORT,,,,,,2026-09-24T10:57:36.726980
wallbox,2026-08-14T04:30:25,2026-08-14T05:00:23,0.34,0.34,0.0,prorata,WALLBOX_EXPORT,,,,,,2026-09-24T10:57:36.726897
wallbox,2026-08-14T07:57:25,2026-08-14T07:58:41,0.02,0.0,0.02,prorata,WALLBOX_EXPORT,,,,,,2026-09-24T10:57:36.726816
wallbox,2026-08-14T08:47:25,2026-08-14T09:33:05,0.86,0.0,0.86,prorata,WALLBOX_EXPORT,,,,,,2026-09-24T10:57:36.726735
wallbox,2026-08-14T09:37:25,2026-08-14T15:55:37,1.96,0.9328397673188789,1.0271602326811213,prorata,WALLBOX_EXPORT,,,,,,2026-09-24T10:57:36.726653
wallbox,2026-08-14T15:56:38,2026-08-14T19:30:37,2.92,0.0,2.92,prorata,WALLBOX_EXPORT,,,,,,2026-09-24T10:57:36.726555
wallbox,2026-08-14T21:00:38,2026-08-15T08:00:45,0.01,0.004544651198020552,0.005455348801979449,prorata,WALLBOX_EXPORT,,,,,,2026-09-24T10:57:36.726416
wallbox,2026-08-15T08:01:45,2026-08-15T16:59:44,13.99,4.680814151615602,9.309185848384397,prorata,WALLBOX_EXPORT,,,,,,2026-09-24T10:57:36.726318
wallbox,2026-08-15T22:23:49,2026-08-16T10:30:32,0.01,0.004128156319519299,0.005871843680480701,prorata,WALLBOX_EXPORT,,,,,,2026-09-24T10:57:36.726229
wallbox,2026-08-16T10:31:34,2026-08-16T19:30:33,8.64,2.885432449982993,5.754567550017009,prorata,WALLBOX_EXPORT,,,,,,2026-09-24T10:57:36.726133
wallbox,2026-08-16T21:48:35,2026-08-17T10:30:38,0.01,0.003936749557115675,0.006063250442884325,prorata,WALLBOX_EXPORT,,,,,,2026-09-24T10:57:36.726040
wallbox,2026-08-17T10:34:53,2026-08-17T10:36:00,0.03,0.0,0.03,prorata,WALLBOX_EXPORT,,,,,,2026-09-24T10:57:36.725931
wallbox,2026-08-17T13:30:02,2026-08-17T13:45:03,0.75,0.75,0.0,prorata,WALLBOX_EXPORT,,,,,,2026-09-24T10:57:36.725841
wallbox,2026-08-17T14:00:03,2026-08-17T17:00:00,5.14,2.3979049736037785,2.742095026396221,prorata,WALLBOX_EXPORT,,,,,,2026-09-24T10:57:36.725752
wallbox,2026-08-18T09:07:53,2026-08-18T17:14:21,15.89,5.879539536795944,10.010460463204057,prorata,WALLBOX_EXPORT,,,,,,2026-09-24T10:57:36.725654
wallbox,2026-08-19T08:57:44,2026-08-19T13:21:40,8.85,1.9336322303612024,6.916367769638797,prorata,WALLBOX_EXPORT,,,,,,2026-09-24T10:57:36.725438
wallbox,2026-08-19T14:19:30,2026-08-19T15:40:35,0.1,0.07954779033915725,0.020452209660842758,prorata,WALLBOX_EXPORT,,,,,,2026-09-24T10:57:36.725318
wallbox,2026-08-19T15:43:30,2026-08-19T18:22:40,3.09,0.0,3.09,prorata,WALLBOX_EXPORT,,,,,,2026-09-24T10:57:36.725230
wallbox,2026-08-21T12:44:09,2026-08-21T15:24:06,5.98,5.976261331666146,0.0037386683338541784,prorata,WALLBOX_EXPORT,,,,,,2026-09-24T10:57:36.725143
wallbox,2026-08-21T15:25:07,2026-08-21T16:59:40,3.54,0.0,3.54,prorata,WALLBOX_EXPORT,,,,,,2026-09-24T10:57:36.725050
wallbox,2026-08-21T16:59:53,2026-08-21T18:10:35,1.02,0.0,1.02,prorata,WALLBOX_EXPORT,,,,,,2026-09-24T10:57:36.724943
wallbox,2026-08-22T09:09:06,2026-08-22T11:38:34,2.88,0.0,2.88,prorata,WALLBOX_EXPORT,,,,,,2026-09-24T10:57:36.724852
wallbox,2026-08-22T12:11:07,2026-08-22T13:15:12,1.76,1.4061690507152147,0.35383094928478537,prorata,WALLBOX_EXPORT,,,,,,2026-09-24T10:57:36.724763
wallbox,2026-08-22T13:19:06,2026-08-22T18:08:49,6.77,2.9186204912845883,3.8513795087154112,prorata,WALLBOX_EXPORT,,,,,,2026-09-24T10:57:36.724673
wallbox,2026-08-23T10:23:19,2026-08-23T13:49:01,4.14,1.7110792416140008,2.428920758385999,prorata,WALLBOX_EXPORT,,,,,,2026-09-24T10:57:36.724543
wallbox,2026-08-23T13:50:37,2026-08-23T13:56:30,0.08,0.08,0.0,prorata,WALLBOX_EXPORT,,,,,,2026-09-24T10:57:36.724385
wallbox,2026-08-23T13:59:19,2026-08-24T09:54:44,2.22,0.7143927500871385,1.5056072499128619,prorata,WALLBOX_EXPORT,,,,,,2026-09-24T10:57:36.724282
octopus,2026-08-24T10:21:00,2026-08-24T11:58:23,2.01,0.0,2.01,prorata,SMART,RELATIVE_STATE_OF_CHARGE,,1.7000000000000002,,,2026-09-24T10:57:36.796644
wallbox,2026-08-24T10:21:32,2026-08-24T11:43:15,2.03,0.0,2.03,prorata,WALLBOX_EXPORT,,,,,,2026-09-24T10:57:36.724188
octopus,2026-08-24T12:45:00,2026-08-24T19:30:00,3.72,1.4604444444444447,2.2595555555555555,prorata,SMART,RELATIVE_STATE_OF_CHARGE,,,,,2026-09-24T10:57:36.797074
wallbox,2026-08-24T12:45:31,2026-08-24T20:01:31,3.85,1.3994514525993884,2.4505485474006115,prorata,WALLBOX_EXPORT,,,,,,2026-09-24T10:57:36.724099
octopus,2026-08-24T19:33:00,2026-08-24T20:01:53,0.0,0.0,0.0,prorata,SMART,RELATIVE_STATE_OF_CHARGE,,,,,2026-09-24T10:57:36.797164
octopus,2026-08-25T09:03:00,2026-08-25T12:49:24,4.29,0.4812985865724382,3.8087014134275616,prorata,SMART,RELATIVE_STATE_OF_CHARGE,,,,,2026-09-24T10:57:36.797234
wallbox,2026-08-25T09:03:43,2026-08-25T12:49:03,4.41,0.4902536982248521,3.919746301775148,prorata,WALLBOX_EXPORT,,,,,,2026-09-24T10:57:36.723985
octopus,2026-08-25T13:23:00,2026-08-25T17:04:44,7.18,3.9181298857486473,3.2618701142513524,prorata,SMART,RELATIVE_STATE_OF_CHARGE,,6.1,,,2026-09-24T10:57:36.797299
wallbox,2026-08-25T13:23:44,2026-08-25T16:39:43,7.11,4.36310570626754,2.7468942937324603,prorata,WALLBOX_EXPORT,,,,,,2026-09-24T10:57:36.723897
octopus,2026-08-25T17:09:00,2026-08-25T18:07:10,1.98,0.0,1.98,prorata,SMART,RELATIVE_STATE_OF_CHARGE,,1.7000000000000002,,,2026-09-24T10:57:36.797364
wallbox,2026-08-25T17:09:44,2026-08-25T18:06:48,2.03,0.0,2.03,prorata,WALLBOX_EXPORT,,,,,,2026-09-24T10:57:36.723808
octopus,2026-08-26T06:05:00,2026-08-26T06:31:53,1.46,1.46,0.0,prorata,SMART,RELATIVE_STATE_OF_CHARGE,,1.2,,,2026-09-24T10:57:36.797436
wallbox,2026-08-26T06:05:57,2026-08-26T06:31:31,1.39,1.39,0.0,prorata,WALLBOX_EXPORT,,,,,,2026-09-24T10:57:36.723720
wallbox,2026-08-26T06:34:42,2026-08-26T10:00:12,0.62,0.0582287104622871,0.5617712895377128,prorata,WALLBOX_EXPORT,,,,,,2026-09-24T10:57:36.723631
octopus,2026-08-26T06:35:00,2026-08-26T10:00:00,0.59,0.05468292682926829,0.5353170731707317,prorata,SMART,RELATIVE_STATE_OF_CHARGE,,,,,2026-09-24T10:57:36.797636
wallbox,2026-08-26T11:30:27,2026-08-26T11:32:16,0.01,0.0,0.01,prorata,WALLBOX_EXPORT,,,,,,2026-09-24T10:57:36.723542
wallbox,2026-08-26T11:37:26,2026-08-26T11:38:30,0.01,0.0,0.01,prorata,WALLBOX_EXPORT,,,,,,2026-09-24T10:57:36.723453
wallbox,2026-08-26T11:42:07,2026-08-26T18:34:12,5.97,2.6077249747219415,3.362275025278058,prorata,WALLBOX_EXPORT,,,,,,2026-09-24T10:57:36.723362
octopus,2026-08-26T11:43:00,2026-08-26T18:34:33,5.72,2.5017616328514154,3.2182383671485844,prorata,SMART,RELATIVE_STATE_OF_CHARGE,,,,,2026-09-24T10:57:36.797718
octopus,2026-08-27T19:01:00,2026-08-27T20:42:28,6.45,0.0,6.45,prorata,SMART,RELATIVE_STATE_OF_CHARGE,,5.5,,,2026-09-24T10:57:36.797782
wallbox,2026-08-27T19:01:19,2026-08-27T19:55:18,6.2,0.0,6.2,prorata,WALLBOX_EXPORT,,,,,,2026-09-24T10:57:36.723272
octopus,2026-08-27T20:43:00,2026-08-28T06:00:00,7.75,3.4228007181328546,4.327199281867146,prorata,SMART,RELATIVE_STATE_OF_CHARGE,,,,,2026-09-24T10:57:36.797850
wallbox,2026-08-27T20:43:19,2026-08-28T06:33:09,8.07,3.819283130827918,4.2507168691720825,prorata,WALLBOX_EXPORT,,,,,,2026-09-24T10:57:36.723182
octopus,2026-08-28T06:37:00,2026-08-28T06:41:58,0.0,0.0,0.0,prorata,SMART,RELATIVE_STATE_OF_CHARGE,,,,,2026-09-24T10:57:36.797914
octopus,2026-08-29T09:47:00,2026-08-29T17:03:00,14.24,5.878899082568807,8.361100917431193,prorata,SMART,RELATIVE_STATE_OF_CHARGE,,12.1,,,2026-09-24T10:57:36.797977
wallbox,2026-08-29T09:47:52,2026-08-29T17:02:38,14.54,6.01978072529326,8.52021927470674,prorata,WALLBOX_EXPORT,,,,,,2026-09-24T10:57:36.723084
octopus,2026-08-30T09:07:00,2026-08-30T13:04:11,18.84,3.191851591595812,15.648148408404188,prorata,SMART,RELATIVE_STATE_OF_CHARGE,,16.0,,,2026-09-24T10:57:36.798074
wallbox,2026-08-30T09:07:15,2026-08-30T13:03:50,19.15,3.2242691088411406,15.925730891158858,prorata,WALLBOX_EXPORT,,,,,,2026-09-24T10:57:36.722966
octopus,2026-08-30T17:01:00,2026-08-30T18:55:50,4.12,0.0,4.12,prorata,SMART,RELATIVE_STATE_OF_CHARGE,,,,,2026-09-24T10:57:36.798138
wallbox,2026-08-30T17:01:15,2026-08-30T18:55:28,4.24,0.0,4.24,prorata,WALLBOX_EXPORT,,,,,,2026-09-24T10:57:36.722859
octopus,2026-08-31T08:53:00,2026-08-31T12:08:37,3.76,0.0,3.76,prorata,SMART,RELATIVE_STATE_OF_CHARGE,,,,,2026-09-24T10:57:36.798200
wallbox,2026-08-31T08:53:35,2026-08-31T12:08:15,3.87,0.0,3.87,prorata,WALLBOX_EXPORT,,,,,,2026-09-24T10:57:36.722669
wallbox,2026-08-31T13:28:08,2026-08-31T13:31:56,0.28,0.28,0.0,prorata,WALLBOX_EXPORT,,,,,,2026-09-24T10:57:36.722576
octopus,2026-08-31T13:33:00,2026-08-31T16:59:49,5.1,2.7372068659843665,2.362793134015633,prorata,SMART,RELATIVE_STATE_OF_CHARGE,,4.3,,,2026-09-24T10:57:36.798261
wallbox,2026-08-31T13:33:56,2026-08-31T16:59:27,5.15,2.7581380261130484,2.391861973886952,prorata,WALLBOX_EXPORT,,,,,,2026-09-24T10:57:36.722482
octopus,2026-08-31T17:05:00,2026-08-31T19:00:00,3.57,0.0,3.57,prorata,SMART,RELATIVE_STATE_OF_CHARGE,,3.0,,,2026-09-24T10:57:36.798322
wallbox,2026-08-31T17:05:57,2026-08-31T18:27:56,3.56,0.0,3.56,prorata,WALLBOX_EXPORT,,,,,,2026-09-24T10:57:36.722361
wallbox,2026-08-31T19:00:56,2026-08-31T19:02:00,0.02,0.0,0.02,prorata,WALLBOX_EXPORT,,,,,,2026-09-24T10:57:36.721755
octopus,2026-08-31T19:03:00,2026-09-01T19:00:00,27.11,9.05553235908142,18.05446764091858,prorata,SMART,RELATIVE_STATE_OF_CHARGE,,23.0,,,2026-09-24T10:57:36.798401
octopus,2026-09-02T15:51:00,2026-09-02T17:04:09,0.0,0.0,0.0,prorata,SMART,RELATIVE_STATE_OF_CHARGE,,,,,2026-09-24T10:57:36.798463
octopus,2026-09-02T17:09:00,2026-09-02T20:47:34,24.99,0.0,24.99,prorata,SMART,RELATIVE_STATE_OF_CHARGE,,21.2,,,2026-09-24T10:57:36.798523
octopus,2026-09-03T10:59:00,2026-09-03T16:59:44,4.87,2.4300498983552026,2.4399501016447975,prorata,SMART,RELATIVE_STATE_OF_CHARGE,,,,,2026-09-24T10:57:36.798584
octopus,2026-09-03T17:03:00,2026-09-03T18:11:14,2.09,0.0,2.09,prorata,SMART,RELATIVE_STATE_OF_CHARGE,,1.7999999999999998,,,2026-09-24T10:57:36.798644
octopus,2026-09-04T13:51:00,2026-09-04T17:46:28,13.41,5.29641845979615,8.113581540203851,prorata,SMART,RELATIVE_STATE_OF_CHARGE,,11.4,,,2026-09-24T10:57:36.798705
octopus,2026-09-04T17:49:00,2026-09-04T19:13:26,1.51,0.0,1.51,prorata,SMART,RELATIVE_STATE_OF_CHARGE,,,,,2026-09-24T10:57:36.798850
octopus,2026-09-05T08:59:00,2026-09-05T12:04:28,5.38,0.0,5.38,prorata,SMART,RELATIVE_STATE_OF_CHARGE,,,,,2026-09-24T10:57:36.798932
octopus,2026-09-05T12:07:00,2026-09-05T17:14:15,2.3,1.3474369406021154,0.9525630593978845,prorata,SMART,RELATIVE_STATE_OF_CHARGE,,,,,2026-09-24T10:57:36.799027
octopus,2026-09-05T17:17:00,2026-09-05T18:13:09,1.1,0.0,1.1,prorata,SMART,RELATIVE_STATE_OF_CHARGE,,0.8999999999999999,,,2026-09-24T10:57:36.799105
octopus,2026-09-06T11:01:00,2026-09-06T13:46:36,8.04,4.010289855072464,4.029710144927535,prorata,SMART,RELATIVE_STATE_OF_CHARGE,,6.800000000000001,,,2026-09-24T10:57:36.799169
octopus,2026-09-06T13:49:00,2026-09-06T16:29:39,0.0,0.0,0.0,prorata,SMART,RELATIVE_STATE_OF_CHARGE,,,,,2026-09-24T10:57:36.799229
octopus,2026-09-06T16:43:00,2026-09-06T17:47:46,2.86,0.0,2.86,prorata,SMART,RELATIVE_STATE_OF_CHARGE,,2.4,,,2026-09-24T10:57:36.799290
octopus,2026-09-07T11:09:00,2026-09-07T17:36:42,11.16,5.181325767345886,5.978674232654115,prorata,SMART,RELATIVE_STATE_OF_CHARGE,,,,,2026-09-24T10:57:36.799350
octopus,2026-09-08T08:47:00,2026-09-08T09:19:08,1.02,0.0,1.02,prorata,SMART,RELATIVE_STATE_OF_CHARGE,,0.8999999999999999,,,2026-09-24T10:57:36.799411
octopus,2026-09-08T09:23:00,2026-09-08T13:27:13,10.98,2.842226165290384,8.137773834709616,prorata,SMART,RELATIVE_STATE_OF_CHARGE,,9.3,,,2026-09-24T10:57:36.799481
octopus,2026-09-08T13:31:00,2026-09-08T18:54:34,15.92,5.559781600906563,10.360218399093437,prorata,SMART,RELATIVE_STATE_OF_CHARGE,,,,,2026-09-24T10:57:36.799543
octopus,2026-09-09T08:37:00,2026-09-09T10:13:01,0.25,0.0,0.25,prorata,SMART,RELATIVE_STATE_OF_CHARGE,,,,,2026-09-24T10:57:36.799602
octopus,2026-09-09T17:01:00,2026-09-09T17:08:48,0.0,0.0,0.0,prorata,SMART,RELATIVE_STATE_OF_CHARGE,,,,,2026-09-24T10:57:36.799662
octopus,2026-09-10T13:31:00,2026-09-10T15:33:42,0.9,0.8288508557457213,0.0711491442542787,prorata,SMART,RELATIVE_STATE_OF_CHARGE,,,,,2026-09-24T10:57:36.799721
octopus,2026-09-11T10:55:00,2026-09-11T22:00:00,11.38,3.080300751879699,8.299699248120302,prorata,SMART,RELATIVE_STATE_OF_CHARGE,,,,,2026-09-24T10:57:36.799796
octopus,2026-09-11T22:03:00,2026-09-12T20:46:35,20.69,7.283163234125772,13.406836765874228,prorata,SMART,RELATIVE_STATE_OF_CHARGE,8.6,17.6,,,2026-09-24T10:57:36.799865
octopus,2026-09-13T10:53:00,2026-09-13T12:39:34,6.85,1.0006099468251486,5.849390053174851,prorata,SMART,RELATIVE_STATE_OF_CHARGE,,5.800000000000001,,,2026-09-24T10:57:36.799928
octopus,2026-09-13T12:43:00,2026-09-13T16:48:28,13.4,8.788973384030419,4.611026615969582,prorata,SMART,RELATIVE_STATE_OF_CHARGE,,11.4,,,2026-09-24T10:57:36.799988
octopus,2026-09-13T16:51:00,2026-09-13T17:46:02,1.1,0.0,1.1,prorata,SMART,RELATIVE_STATE_OF_CHARGE,-10.1,0.9,,,2026-09-24T10:57:36.800074
octopus,2026-09-14T06:31:00,2026-09-14T07:48:33,0.02,0.005931656995486783,0.014068343004513218,prorata,SMART,RELATIVE_STATE_OF_CHARGE,,,,,2026-09-24T10:57:36.800137
octopus,2026-09-14T08:35:00,2026-09-14T09:55:13,0.62,0.0,0.62,prorata,SMART,RELATIVE_STATE_OF_CHARGE,,0.5,,,2026-09-24T10:57:36.800197
octopus,2026-09-14T15:20:00,2026-09-14T16:09:39,2.6,0.2094662638469285,2.390533736153072,prorata,SMART,RELATIVE_STATE_OF_CHARGE,,2.1999999999999997,,,2026-09-24T10:57:36.800265
octopus,2026-09-14T16:58:00,2026-09-14T19:53:56,12.66,0.0,12.66,prorata,SMART,RELATIVE_STATE_OF_CHARGE,,10.7,,,2026-09-24T10:57:36.800326
octopus,2026-09-14T19:56:00,2026-09-14T20:04:05,0.0,0.0,0.0,prorata,SMART,RELATIVE_STATE_OF_CHARGE,,,,,2026-09-24T10:57:36.800393
octopus,2026-09-15T09:26:00,2026-09-15T09:31:56,0.0,0.0,0.0,prorata,SMART,RELATIVE_STATE_OF_CHARGE,,,,,2026-09-24T10:57:36.800461
octopus,2026-09-15T09:32:00,2026-09-15T18:24:12,35.1,11.853329373865801,23.2466706261342,profil,SMART,RELATIVE_STATE_OF_CHARGE,,,,,2026-09-24T10:57:36.984300
octopus,2026-09-15T18:27:00,2026-09-15T20:21:35,2.08,0.0,2.08,profil,SMART,RELATIVE_STATE_OF_CHARGE,-28.2,1.8,,,2026-09-24T10:57:37.088518
octopus,2026-09-15T20:31:00,2026-09-15T22:00:00,8.43,0.0,8.43,profil,SMART,RELATIVE_STATE_OF_CHARGE,,7.199999999999999,,,2026-09-24T10:57:37.173749
octopus,2026-09-16T08:19:00,2026-09-16T10:03:52,0.82,0.0,0.82,profil,SMART,RELATIVE_STATE_OF_CHARGE,,0.7000000000000001,,,2026-09-24T10:57:37.280301
octopus,2026-09-16T12:51:00,2026-09-16T15:57:29,7.57,7.566393599874508,0.003606400125492699,profil,SMART,RELATIVE_STATE_OF_CHARGE,,,,,2026-09-24T10:57:37.402369
octopus,2026-09-16T16:19:00,2026-09-16T17:28:08,2.41,0.0,2.41,profil,SMART,RELATIVE_STATE_OF_CHARGE,,2.0,,,2026-09-24T10:57:37.487399
octopus,2026-09-17T09:47:00,2026-09-17T16:50:11,33.68,20.79921921499896,12.880780785001042,profil,SMART,RELATIVE_STATE_OF_CHARGE,,28.599999999999998,,,2026-09-24T10:57:37.667712
octopus,2026-09-17T16:53:00,2026-09-17T18:00:35,2.75,0.0,2.75,profil,SMART,RELATIVE_STATE_OF_CHARGE,,0.2,,,2026-09-24T10:57:37.741805
octopus,2026-09-18T06:31:00,2026-09-18T08:09:36,1.58,0.002177780852291505,1.5778222191477087,profil,SMART,RELATIVE_STATE_OF_CHARGE,,1.3,,,2026-09-24T10:57:37.824330
octopus,2026-09-18T08:17:00,2026-09-18T09:08:21,3.43,0.0,3.43,profil,SMART,RELATIVE_STATE_OF_CHARGE,,2.9000000000000004,,,2026-09-24T10:57:37.893948
octopus,2026-09-18T13:53:00,2026-09-18T17:41:46,7.23,2.049508373123661,5.180491626876339,profil,SMART,RELATIVE_STATE_OF_CHARGE,,6.1,,,2026-09-24T10:57:38.010677
octopus,2026-09-19T09:31:00,2026-09-19T11:14:11,6.18,0.0,6.18,profil,SMART,RELATIVE_STATE_OF_CHARGE,,5.3,,,2026-09-24T10:57:38.117132
octopus,2026-09-19T11:17:00,2026-09-19T18:00:00,18.0,8.476721329289079,9.523278670710921,profil,SMART,RELATIVE_STATE_OF_CHARGE,,,,,2026-09-24T10:57:38.272503
octopus,2026-09-20T09:03:00,2026-09-20T12:24:28,13.73,0.043561425515208856,13.686438574484791,profil,SMART,RELATIVE_STATE_OF_CHARGE,,11.700000000000001,,,2026-09-24T10:57:38.386626
octopus,2026-09-20T12:27:00,2026-09-20T16:57:12,7.63,4.567519182921098,3.0624808170789026,profil,SMART,RELATIVE_STATE_OF_CHARGE,,,,,2026-09-24T10:57:38.672731
octopus,2026-09-20T16:59:00,2026-09-20T18:00:00,1.12,0.0,1.12,profil,SMART,RELATIVE_STATE_OF_CHARGE,,1.0,,,2026-09-24T10:57:38.837546
octopus,2026-09-21T14:43:00,2026-09-21T18:00:00,11.1,4.672086523407771,6.42791347659223,profil,SMART,RELATIVE_STATE_OF_CHARGE,,9.4,,,2026-09-24T10:57:38.916638
octopus,2026-09-21T18:03:00,2026-09-21T20:03:40,0.0,0.0,0.0,prorata,SMART,RELATIVE_STATE_OF_CHARGE,,,,,2026-09-24T10:57:38.995600
octopus,2026-09-22T10:07:00,2026-09-22T12:21:51,4.82,0.023315452739319228,4.796684547260681,profil,SMART,RELATIVE_STATE_OF_CHARGE,,,,,2026-09-24T10:57:39.083054
octopus,2026-09-22T12:25:00,2026-09-22T12:52:02,0.49,0.49,0.0,profil,SMART,RELATIVE_STATE_OF_CHARGE,,0.4,,,2026-09-24T10:57:39.128644
octopus,2026-09-22T13:00:00,2026-09-22T13:38:04,1.71,1.71,0.0,profil,SMART,RELATIVE_STATE_OF_CHARGE,,1.5,,,2026-09-24T10:57:39.176327
octopus,2026-09-22T13:55:00,2026-09-22T16:16:10,4.72,3.7247929462879505,0.9952070537120489,profil,SMART,RELATIVE_STATE_OF_CHARGE,,4.0,,,2026-09-24T10:57:39.305273
octopus,2026-09-22T16:19:00,2026-09-22T18:00:00,0.75,0.0,0.75,profil,SMART,RELATIVE_STATE_OF_CHARGE,,0.6,,,2026-09-24T10:57:39.443982
octopus,2026-09-22T18:11:00,2026-09-22T18:50:12,0.52,0.0,0.52,profil,SMART,RELATIVE_STATE_OF_CHARGE,,0.4,,,2026-09-24T10:57:39.521759
octopus,2026-09-22T18:53:00,2026-09-22T19:30:00,0.0,0.0,0.0,prorata,SMART,RELATIVE_STATE_OF_CHARGE,,,,,2026-09-24T10:57:39.577114
octopus,2026-09-23T08:55:00,2026-09-23T12:15:24,5.98,0.0,5.98,profil,SMART,RELATIVE_STATE_OF_CHARGE,,5.1,,,2026-09-24T10:57:39.726396
octopus,2026-09-23T12:17:00,2026-09-23T12:26:25,0.0,0.0,0.0,prorata,SMART,RELATIVE_STATE_OF_CHARGE,,,,,2026-09-24T10:57:39.765156
octopus,2026-09-23T12:29:00,2026-09-23T12:54:11,0.0,0.0,0.0,prorata,SMART,RELATIVE_STATE_OF_CHARGE,,,,,2026-09-24T10:57:39.825301
octopus,2026-09-23T12:55:00,2026-09-23T16:08:07,2.22,1.756029105698939,0.46397089430106114,profil,SMART,RELATIVE_STATE_OF_CHARGE,,,,,2026-09-24T10:57:39.941213
octopus,2026-09-23T16:29:00,2026-09-23T19:20:26,2.04,0.0,2.04,profil,SMART,RELATIVE_STATE_OF_CHARGE,,1.7000000000000002,,,2026-09-24T10:57:40.303764
octopus,2026-09-23T19:23:00,2026-09-23T19:30:00,0.0,0.0,0.0,prorata,SMART,RELATIVE_STATE_OF_CHARGE,,,,,2026-09-24T10:57:40.344958
